sample,session,goal,cycle_residual,global_distance,goal_core_distance,goal_core_margin,execution_goal_core_distance,execution_goal_core_margin,endpoint_correct,decoded_reencoded_correct,decoded_action_mse,continuity,cycle4_residual,cycle4_global_distance,cycle4_goal_core_margin,cycle4_execution_goal_core_margin
0,3,turn_off_lightbulb,1.7507996559143066,2.5042853355407715,2.572646141052246,0.07435750961303711,2.162635087966919,-0.15626072883605957,1,0,0.010855530388653278,0.5870057344436646,0.14682570099830627,1.50746750831604,-1.0045254230499268,-0.7758752107620239
1,3,lift_red_block_table,1.769036889076233,2.941361427307129,3.2399487495422363,-0.0616302490234375,2.2889564037323,-0.3514977693557739,0,0,0.10792871564626694,0.33213603496551514,0.17160065472126007,2.0229668617248535,-1.170954704284668,-0.5819538831710815
2,3,lift_blue_block_slider,3.481867790222168,3.5105862617492676,4.022952079772949,-0.3529067039489746,2.854269504547119,-1.0591504573822021,0,0,0.047974493354558945,0.3558039665222168,0.29755067825317383,2.8971478939056396,-1.2827188968658447,-0.9041199684143066
3,3,push_pink_block_right,2.7711589336395264,2.989161729812622,3.150264263153076,0.4310493469238281,1.5399997234344482,0.695518970489502,1,1,0.043048590421676636,0.5937770009040833,0.0925014391541481,1.5181841850280762,1.328243613243103,1.2026904821395874
4,3,turn_on_lightbulb,2.8228626251220703,3.3381829261779785,3.4966464042663574,0.16767549514770508,2.30421781539917,0.14838790893554688,1,1,0.033242881298065186,0.47232091426849365,0.29409265518188477,2.637514591217041,-0.02143406867980957,0.12762880325317383
5,3,lift_red_block_table,2.9435007572174072,3.7755115032196045,4.05023717880249,0.13812017440795898,2.7975986003875732,0.04306483268737793,1,1,0.0526588074862957,0.882056474685669,0.37212178111076355,3.613737106323242,0.15465736389160156,0.03885984420776367
6,3,turn_on_lightbulb,3.0481185913085938,3.7113425731658936,4.290346145629883,-0.44320058822631836,2.977325916290283,-1.007832407951355,0,0,0.05164249613881111,0.4809530973434448,0.25548532605171204,2.9211080074310303,-1.4905035495758057,-1.109574794769287
7,3,lift_red_block_table,3.738821506500244,4.101282596588135,4.577392578125,-0.2612428665161133,2.3749990463256836,-0.4978668689727783,0,0,0.08185280114412308,0.2722253203392029,0.1710287183523178,2.2035274505615234,-1.0095183849334717,-0.7646241188049316
8,3,place_in_slider,2.4549100399017334,3.421595811843872,5.510201454162598,-1.627835750579834,3.8364155292510986,-1.4601166248321533,0,0,0.04279206320643425,0.49206990003585815,0.1708732396364212,2.4848952293395996,-2.6013736724853516,-1.5130890607833862
9,3,turn_on_lightbulb,3.0772039890289307,3.38067364692688,3.844550609588623,-0.34441208839416504,2.8877205848693848,-0.9781584739685059,0,0,0.02727498859167099,0.7644319534301758,0.15519246459007263,1.9109197854995728,-1.0280951261520386,-1.2154487371444702
10,3,lift_red_block_table,2.6193058490753174,3.43859601020813,3.7915198802948,-0.09210205078125,2.935288906097412,-1.0900400876998901,0,0,0.07429643720388412,0.6534271836280823,0.17921540141105652,2.0955843925476074,-1.5942277908325195,-1.2931474447250366
11,3,place_in_slider,2.589548349380493,3.6638712882995605,6.0944905281066895,-2.3383398056030273,4.141365051269531,-1.766474723815918,0,0,0.0647784024477005,0.7732399106025696,0.4141281247138977,2.985339641571045,-3.131479263305664,-1.8573403358459473
12,3,turn_on_lightbulb,3.3310554027557373,3.494434356689453,4.565616130828857,-1.0490615367889404,2.0168585777282715,0.08771491050720215,0,1,0.019019605591893196,0.5854655504226685,0.4030776917934418,3.55610728263855,0.6113190650939941,0.10848426818847656
13,3,turn_off_lightbulb,2.966365098953247,3.4499130249023438,3.6301352977752686,0.06181907653808594,2.881105422973633,-0.8185737133026123,1,1,0.03398554027080536,0.903945803642273,0.33582842350006104,3.0888779163360596,0.1396491527557373,-0.1595919132232666
14,3,lift_blue_block_slider,2.2890403270721436,2.9486565589904785,3.121936798095703,0.08429217338562012,2.255406141281128,-0.7319937944412231,1,0,0.03554746136069298,0.559190571308136,0.25612932443618774,2.464299440383911,-1.2160775661468506,-0.30750739574432373
15,3,lift_red_block_table,3.1382453441619873,3.637901782989502,3.833057403564453,0.5163211822509766,3.182136058807373,-0.5163142681121826,1,0,0.0659269168972969,0.4271359443664551,0.40143415331840515,3.4074013233184814,-0.6184492111206055,-0.4453134536743164
16,3,turn_off_lightbulb,2.67563533782959,3.2379748821258545,3.7632720470428467,-0.513479471206665,2.9063527584075928,-0.8250305652618408,0,0,0.03566117212176323,0.8119363188743591,0.4213169813156128,2.5397419929504395,-0.9853701591491699,-0.899390459060669
17,3,turn_on_lightbulb,3.0391476154327393,2.9881739616394043,3.00765323638916,0.17787742614746094,2.306312084197998,-0.17244672775268555,1,0,0.00785194430500269,0.20396597683429718,0.07363598793745041,1.7972602844238281,-0.18448853492736816,-0.007949113845825195
18,3,lift_red_block_table,3.8216638565063477,3.6448168754577637,4.582212448120117,-0.8438534736633301,2.3608367443084717,-0.3759419918060303,0,0,0.04738040268421173,0.5557810068130493,0.18383774161338806,2.3509631156921387,-0.7268850803375244,-0.6290903091430664
19,3,turn_off_lightbulb,1.7816975116729736,3.0509791374206543,3.124302625656128,1.822633981704712,2.094417095184326,0.8513052463531494,1,1,0.0387546569108963,0.7175790071487427,0.2543793022632599,2.891608715057373,1.920443058013916,1.418126106262207
20,3,place_in_slider,3.415708303451538,4.00338888168335,5.872431755065918,-1.7189812660217285,3.769374370574951,-0.9903883934020996,0,0,0.1493568867444992,0.6731877326965332,0.3305893838405609,3.0190322399139404,-3.120954990386963,-1.5377849340438843
21,3,turn_on_lightbulb,4.879270553588867,3.698535919189453,3.9846737384796143,0.011823892593383789,3.0578548908233643,-0.2768747806549072,1,0,0.047301843762397766,0.626795768737793,0.27446311712265015,3.3825619220733643,-0.1847372055053711,-0.21938014030456543
22,3,turn_off_lightbulb,2.2790660858154297,3.141892910003662,3.2756972312927246,0.06962370872497559,2.7716634273529053,-0.31255269050598145,1,1,0.048556238412857056,0.410769522190094,0.35274219512939453,3.1035683155059814,0.7802667617797852,0.3715381622314453
23,3,turn_on_lightbulb,3.0896544456481934,3.8232979774475098,4.6262593269348145,-0.5250015258789062,2.9723939895629883,-1.1280567646026611,0,0,0.04950695112347603,0.5767542123794556,0.2893420159816742,2.933903932571411,-1.535874843597412,-1.1441197395324707
24,3,turn_off_lightbulb,2.8596372604370117,3.31103777885437,3.314488172531128,0.3781764507293701,2.9322142601013184,0.06219983100891113,1,1,0.011541453190147877,0.5867836475372314,0.2712225914001465,2.970247507095337,0.8480017185211182,0.5283684730529785
25,3,lift_blue_block_slider,3.334333658218384,3.535687208175659,3.7465927600860596,-0.011254072189331055,3.198965549468994,-0.6318087577819824,0,1,0.059885766357183456,1.1159855127334595,0.20139946043491364,2.691711664199829,0.9136366844177246,0.8007693290710449
26,3,turn_on_lightbulb,1.739403486251831,2.6666274070739746,3.069735050201416,-0.34163999557495117,2.435927391052246,-0.7168680429458618,0,0,0.030311981216073036,0.23672202229499817,0.15827438235282898,1.8675044775009155,-0.6890852451324463,-0.6963765621185303
27,3,place_in_slider,3.101155996322632,3.4564671516418457,5.837920188903809,-2.3116140365600586,3.9274330139160156,-1.1877624988555908,0,0,0.017883671447634697,1.1598279476165771,0.2504245340824127,2.6371114253997803,-3.6035640239715576,-2.3223323822021484
28,3,turn_off_lightbulb,2.3338875770568848,3.6271884441375732,3.8202877044677734,0.8413267135620117,2.3271169662475586,0.46111631393432617,1,1,0.0425681471824646,0.7293640375137329,0.5215247273445129,3.592210292816162,0.7705283164978027,0.8533778190612793
29,3,turn_on_lightbulb,2.3517582416534424,2.6327643394470215,2.635526180267334,0.8509042263031006,1.5779874324798584,0.5908792018890381,1,1,0.004804601427167654,0.5857405066490173,0.11828025430440903,1.558871865272522,0.9340108633041382,1.0552988052368164
30,3,place_in_slider,2.308797836303711,3.4432849884033203,4.433341026306152,-0.5731215476989746,3.0573415756225586,-0.6225018501281738,0,0,0.053991109132766724,0.8126797676086426,0.5123268961906433,3.332576274871826,1.4305267333984375,0.21695303916931152
31,3,turn_off_lightbulb,2.250401258468628,3.707867383956909,4.2834882736206055,-0.5064699649810791,3.174497127532959,-0.36153745651245117,0,0,0.07065366208553314,0.887551486492157,0.47610825300216675,4.093156814575195,-0.2604365348815918,-0.14478492736816406
32,3,place_in_slider,3.1746010780334473,3.6354289054870605,4.889814853668213,-0.9695935249328613,3.3832764625549316,-0.8955078125,0,0,0.07319733500480652,0.7623326778411865,0.25948041677474976,2.7411742210388184,-2.72227144241333,-1.5194811820983887
33,3,push_pink_block_right,3.0891599655151367,4.279813766479492,5.21306037902832,-0.5724058151245117,2.4432895183563232,0.5255296230316162,0,0,0.06202840805053711,1.376141905784607,0.27707719802856445,2.903669834136963,-1.097555160522461,-0.03557896614074707
34,3,place_in_slider,3.5339548587799072,3.6944241523742676,4.9428324699401855,-0.9517707824707031,3.4145469665527344,-1.1566283702850342,0,0,0.044035404920578,0.45928531885147095,0.15475504100322723,2.531449556350708,-2.643564462661743,-1.3749828338623047
35,10,place_in_slider,2.967172384262085,3.5296313762664795,5.761731147766113,-1.9345941543579102,4.1331353187561035,-1.8997135162353516,0,0,0.07417710870504379,0.6722148060798645,0.18307285010814667,2.4178624153137207,-2.789170742034912,-1.475273609161377
36,10,turn_off_lightbulb,1.8081361055374146,2.3481831550598145,2.374498128890991,0.24356484413146973,2.0398850440979004,-0.0663832426071167,1,0,0.023860013112425804,0.42256230115890503,0.291491836309433,2.179673433303833,-0.4921267032623291,-0.176008939743042
37,10,lift_blue_block_slider,3.0106565952301025,3.1386821269989014,3.172332525253296,0.768233060836792,2.377000331878662,-0.7189137935638428,1,0,0.014708355069160461,0.9070436954498291,0.26038628816604614,2.7441399097442627,-0.5222408771514893,-0.31674671173095703
38,10,place_in_slider,2.516529083251953,3.4507107734680176,4.105045318603516,-0.07165050506591797,3.003546714782715,-0.7010018825531006,0,0,0.012856964953243732,0.41779348254203796,0.6481350660324097,3.9097728729248047,0.6253890991210938,-0.4360342025756836
39,10,lift_red_block_table,1.5103507041931152,3.8122220039367676,4.262315273284912,-0.33172178268432617,3.0222837924957275,-0.7313582897186279,0,0,0.07473475486040115,1.2747290134429932,0.367249459028244,3.2459473609924316,-0.3066070079803467,-0.6554255485534668
40,10,push_pink_block_right,2.5710623264312744,2.794928789138794,2.815478801727295,0.608027458190918,1.871567964553833,0.5054218769073486,1,1,0.02064083144068718,0.8100613951683044,0.1241614818572998,1.2178199291229248,1.5929126739501953,1.2322226762771606
41,10,lift_red_block_table,3.0774762630462646,3.4258339405059814,3.7471206188201904,-0.01572561264038086,2.500253200531006,-0.6849772930145264,0,0,0.05367932841181755,0.719126284122467,0.16119050979614258,1.9377902746200562,-1.5030159950256348,-0.8301353454589844
42,10,place_in_slider,2.6145713329315186,3.3348560333251953,5.285935401916504,-1.4425835609436035,3.7630858421325684,-1.5097274780273438,0,0,0.037368159741163254,0.3664783537387848,0.1728297621011734,2.5252788066864014,-2.602891445159912,-1.5747228860855103
43,10,turn_off_lightbulb,1.1070185899734497,2.2828431129455566,2.2872040271759033,0.6505300998687744,1.48353910446167,0.4644649028778076,1,1,0.015996823087334633,0.3046848475933075,0.3084222674369812,2.251507043838501,0.7317712306976318,0.5160095691680908
44,10,push_pink_block_right,2.6655805110931396,3.0739097595214844,3.1828126907348633,0.3372378349304199,1.1298238039016724,1.174688696861267,1,1,0.004387710243463516,0.3815460801124573,0.5510671138763428,2.5678420066833496,0.7990732192993164,0.8772479295730591
45,10,turn_off_lightbulb,1.612364411354065,3.367121934890747,3.9022247791290283,0.7920587062835693,2.530956268310547,0.6585659980773926,1,1,0.0398547388613224,0.491943895816803,0.4735029935836792,3.2910609245300293,0.8497352600097656,0.9222519397735596
46,10,turn_on_lightbulb,2.9323770999908447,3.809457778930664,4.075843811035156,-0.14342951774597168,3.02671480178833,-0.1319890022277832,0,0,0.012403351254761219,0.7327338457107544,0.4218677282333374,3.1393883228302,-0.24799513816833496,-0.024997949600219727
47,10,lift_red_block_table,2.322340965270996,3.042843818664551,3.2430756092071533,0.1555037498474121,2.273235321044922,-0.1269218921661377,1,0,0.058150067925453186,0.2222309559583664,0.16971030831336975,2.108015298843384,-0.9585235118865967,-0.5251138210296631
48,10,turn_off_lightbulb,2.5415971279144287,2.9686994552612305,4.358819007873535,-1.3901195526123047,3.78696870803833,-1.3687553405761719,0,0,0.07584886997938156,1.212563157081604,0.23277024924755096,2.796733856201172,-1.2250795364379883,-1.1818318367004395
49,10,turn_on_lightbulb,3.037900686264038,2.8584859371185303,2.9416089057922363,-0.024184703826904297,2.471797466278076,-0.3007841110229492,0,0,0.01762636937201023,0.5302370190620422,0.18472576141357422,2.364565372467041,-0.08145284652709961,-0.03844773769378662
50,10,push_pink_block_right,2.7028865814208984,3.563204526901245,3.950629472732544,-0.08450508117675781,1.8379907608032227,0.8137326240539551,0,0,0.005668044090270996,0.6202699542045593,0.29578322172164917,3.573483943939209,-0.9653863906860352,0.03971147537231445
51,10,turn_on_lightbulb,1.903336524963379,2.3561465740203857,2.3561465740203857,0.7747149467468262,1.7509597539901733,0.4613567590713501,1,1,0.005216255784034729,0.5122472643852234,0.14096678793430328,1.847553014755249,0.5640188455581665,0.622718095779419
52,10,lift_blue_block_slider,3.86936616897583,3.530646800994873,3.725090503692627,-0.051673173904418945,3.307898759841919,-0.7400014400482178,0,1,0.01830095425248146,0.3239316940307617,0.18296626210212708,2.872427463531494,-0.07660079002380371,-0.1283583641052246
53,10,turn_off_lightbulb,2.513843059539795,3.4526753425598145,4.241366386413574,-0.7767443656921387,3.3917388916015625,-1.061337947845459,0,0,0.08104962110519409,0.4517287015914917,0.21489141881465912,2.1269633769989014,-1.718141794204712,-1.869075059890747
54,10,turn_on_lightbulb,4.750827789306641,3.4502692222595215,3.576765537261963,-0.09536218643188477,2.6243903636932373,-0.4810953140258789,0,1,0.014655448496341705,0.2889544665813446,0.21116338670253754,2.8036763668060303,-0.03524971008300781,-0.0700235366821289
55,10,turn_off_lightbulb,1.6427719593048096,3.8378264904022217,4.334334850311279,-0.15296363830566406,2.93217134475708,-0.2606980800628662,0,0,0.1498575508594513,0.5896304249763489,0.6057779788970947,3.749305009841919,-0.1926898956298828,-0.10777688026428223
56,10,place_in_slider,2.2491676807403564,3.515892505645752,5.729496955871582,-1.4947509765625,4.064295768737793,-1.5827114582061768,0,0,0.06098032370209694,0.5327738523483276,0.1394241452217102,2.9256935119628906,-2.3327651023864746,-1.5805792808532715
57,10,lift_red_block_table,2.71154522895813,3.0717339515686035,3.753690242767334,-0.6385509967803955,2.5550103187561035,-0.8273628950119019,0,0,0.059222981333732605,0.8276817798614502,0.13341523706912994,2.094149589538574,-1.1942572593688965,-0.8558822870254517
58,10,place_in_slider,2.9953501224517822,3.7592124938964844,6.125611782073975,-2.126466751098633,4.067931652069092,-1.4790663719177246,0,0,0.038880180567502975,0.6322453618049622,0.4280260503292084,3.085505723953247,-2.9414896965026855,-1.9226133823394775
59,10,lift_red_block_table,4.438708305358887,3.6308434009552,4.174087047576904,-0.49950504302978516,3.1190507411956787,-0.7875156402587891,0,0,0.0568094365298748,0.7453112602233887,0.23129728436470032,3.224311113357544,-1.1066217422485352,-1.1203174591064453
60,10,turn_on_lightbulb,2.6861019134521484,3.174272298812866,3.9431471824645996,-0.725416898727417,2.9182865619659424,-0.9447876214981079,0,0,0.03275879845023155,0.3032815158367157,0.17642447352409363,1.8142141103744507,-1.0539917945861816,-1.1570881605148315
61,10,place_in_slider,3.072782039642334,3.7076938152313232,4.192677974700928,0.05919790267944336,3.067485809326172,-0.5061161518096924,1,0,0.07366174459457397,0.49507832527160645,0.3814399540424347,3.216601610183716,-1.106139898300171,-0.6222743988037109
62,20,turn_off_lightbulb,2.3488051891326904,2.9937071800231934,3.103349208831787,1.0402178764343262,2.173225164413452,0.17276740074157715,1,1,0.01800304837524891,0.4126562774181366,0.2858670949935913,2.5963034629821777,1.7917821407318115,1.1280349493026733
63,20,push_pink_block_right,2.055685043334961,2.9627938270568848,3.1301939487457275,0.1333024501800537,1.7913939952850342,0.4137911796569824,1,1,0.02939762733876705,0.4057345390319824,0.13988415896892548,1.7580680847167969,0.44492030143737793,0.38576698303222656
64,20,lift_red_block_table,3.08156418800354,3.8275954723358154,4.473476409912109,-0.38436412811279297,2.8338308334350586,-1.030472993850708,0,0,0.15514443814754486,0.7269045114517212,0.48267197608947754,3.283900022506714,-0.7110850811004639,-0.5091147422790527
65,20,turn_on_lightbulb,2.600419521331787,3.1090846061706543,3.112189292907715,0.7610495090484619,2.1785902976989746,0.6714818477630615,1,1,0.02247338555753231,0.45554420351982117,0.19162365794181824,1.7643665075302124,1.542030692100525,1.0433628559112549
66,20,turn_off_lightbulb,2.7326619625091553,2.966629981994629,3.392446517944336,-0.4193723201751709,2.8828938007354736,-0.5669934749603271,0,1,0.027853677049279213,0.7599128484725952,0.18196111917495728,2.912508487701416,0.22874140739440918,-0.11265182495117188
67,20,lift_red_block_table,3.507132053375244,3.4899978637695312,3.7137503623962402,-0.04382467269897461,2.7373554706573486,-0.8541815280914307,0,0,0.02522190473973751,0.280629962682724,0.34385377168655396,2.9773521423339844,-1.4557418823242188,-0.8567728996276855
68,20,place_in_slider,2.608872175216675,3.6712863445281982,4.800597190856934,-0.24460840225219727,3.6180267333984375,-1.1690831184387207,0,0,0.021591780707240105,0.6218850016593933,0.20464663207530975,3.0424046516418457,-1.5929999351501465,-1.319922685623169
69,20,push_pink_block_right,3.4912688732147217,4.051932334899902,4.392593860626221,-0.12672758102416992,1.9417530298233032,0.16589057445526123,0,0,0.06959225237369537,0.46848177909851074,0.27723976969718933,3.4351983070373535,-0.8142151832580566,-0.08602023124694824
70,20,turn_off_lightbulb,1.7741581201553345,2.6235673427581787,2.7060818672180176,0.04130744934082031,2.0803446769714355,0.00031757354736328125,1,0,0.010071924887597561,0.3656598925590515,0.1140526533126831,1.636102318763733,-0.5742274522781372,-0.31857264041900635
71,20,push_pink_block_right,3.282710075378418,4.177490234375,4.725185871124268,-0.3013491630554199,2.420440435409546,0.21585464477539062,0,0,0.02906588651239872,0.5021007657051086,0.45556196570396423,3.756319046020508,-1.4110374450683594,-0.1972818374633789
72,20,place_in_slider,2.877218008041382,3.337069272994995,5.173703193664551,-1.3755567073822021,3.6255698204040527,-1.2556419372558594,0,0,0.0785294696688652,0.5696348547935486,0.21879996359348297,2.43272066116333,-2.4059009552001953,-1.390661358833313
73,21,lift_blue_block_slider,2.363860607147217,3.024207830429077,3.0431525707244873,0.7059102058410645,2.347571849822998,-0.3944375514984131,1,1,0.021313929930329323,0.6975420117378235,0.17366495728492737,2.336463451385498,-0.23051691055297852,-0.5233186483383179
74,21,lift_red_block_table,2.8501975536346436,3.1906116008758545,3.5445399284362793,-0.27050042152404785,2.232290744781494,-0.2767840623855591,0,0,0.045553844422101974,0.7229223847389221,0.18274833261966705,2.380887031555176,-0.3025655746459961,-0.5593103170394897
75,21,place_in_slider,2.669811248779297,3.185145854949951,5.816887855529785,-2.4563817977905273,3.9125380516052246,-1.4974799156188965,0,0,0.04758232831954956,0.6595984101295471,0.4370712637901306,2.773402214050293,-3.2422120571136475,-1.959036946296692
76,21,turn_on_lightbulb,2.084754228591919,2.6384880542755127,2.6384880542755127,0.7312805652618408,1.507277250289917,0.5870940685272217,1,1,0.013216666877269745,0.6601790189743042,0.22908733785152435,2.2553598880767822,0.6612637042999268,0.7201323509216309
77,21,turn_off_lightbulb,2.37846040725708,2.748490810394287,2.748490810394287,0.5914192199707031,2.1354563236236572,0.30083370208740234,1,1,0.01222885400056839,0.4952124059200287,0.29195189476013184,2.906428575515747,0.5405170917510986,0.5499515533447266
78,21,turn_on_lightbulb,2.8579280376434326,4.100004196166992,4.757218837738037,-0.4148106575012207,2.9543986320495605,-0.7382149696350098,0,0,0.05832210183143616,0.49899253249168396,0.3314834237098694,3.190441608428955,-1.232771873474121,-0.5614039897918701
79,21,push_pink_block_right,1.6748201847076416,2.7897963523864746,3.418233871459961,-0.5791230201721191,1.428633689880371,0.4891449213027954,0,1,0.023444226011633873,1.2676842212677002,0.16386374831199646,2.3376190662384033,0.3791220188140869,0.6918998956680298
80,21,place_in_slider,3.039430856704712,3.195000648498535,5.448126792907715,-2.00382661819458,3.5335452556610107,-1.0295214653015137,0,0,0.05257407948374748,0.7712984085083008,0.3047410249710083,2.604979991912842,-2.947756290435791,-1.6428050994873047
81,21,turn_on_lightbulb,2.4349682331085205,2.4193787574768066,2.420100688934326,0.5960607528686523,1.5352438688278198,0.5012284517288208,1,1,0.009329509921371937,0.7400199174880981,0.10154019296169281,1.7687504291534424,0.23600435256958008,0.5261706113815308
82,21,lift_blue_block_slider,2.6517374515533447,3.099191427230835,3.1546530723571777,0.2911648750305176,2.61901593208313,-0.4001281261444092,1,1,0.05332234874367714,0.610794723033905,0.1822117269039154,2.753164768218994,0.3906726837158203,0.45674729347229004
83,21,turn_off_lightbulb,1.7035101652145386,2.6141486167907715,3.609685182571411,-0.9853003025054932,3.2128348350524902,-1.2815887928009033,0,0,0.047843486070632935,0.6067607402801514,0.14801883697509766,2.023224353790283,-1.539738416671753,-1.6011757850646973
84,21,push_pink_block_right,2.0769224166870117,2.6779675483703613,2.6800801753997803,0.9287049770355225,1.5767794847488403,0.9369748830795288,1,1,0.005623544100672007,1.0871325731277466,0.09194494038820267,1.2693254947662354,1.7884752750396729,1.3358054161071777
85,21,turn_off_lightbulb,3.362520456314087,3.3863320350646973,4.008254051208496,-0.6156573295593262,3.488290786743164,-0.6806807518005371,0,1,0.05479880049824715,0.8106572031974792,0.2231869101524353,2.7736685276031494,0.4719264507293701,0.36333703994750977
86,21,push_pink_block_right,1.8950551748275757,2.823044776916504,3.240144729614258,-0.13901567459106445,2.1326448917388916,-0.1127004623413086,0,0,0.021623453125357628,0.45801928639411926,0.1585293859243393,1.9479138851165771,-0.16683626174926758,-0.21247565746307373
87,21,place_in_slider,3.166491985321045,3.4850573539733887,5.560962677001953,-1.7290871143341064,3.6551716327667236,-0.8765780925750732,0,0,0.17276789247989655,1.0288093090057373,0.26077786087989807,2.98511004447937,-3.0969762802124023,-2.2141144275665283
88,21,lift_red_block_table,3.3593404293060303,3.0434021949768066,3.5927977561950684,-0.23855972290039062,2.3292794227600098,-0.7626650333404541,0,0,0.02932334505021572,0.4429629147052765,0.12161413580179214,1.6091907024383545,-1.8536365032196045,-1.1038321256637573
89,21,place_in_slider,3.416145086288452,3.4679322242736816,4.393861293792725,-0.44903135299682617,3.157132863998413,-1.0407681465148926,0,0,0.05255893990397453,0.4018058776855469,0.20573128759860992,2.568542718887329,-2.3760361671447754,-1.2793549299240112
90,21,turn_off_lightbulb,2.2718660831451416,3.0434975624084473,3.113769054412842,1.1928768157958984,1.6624091863632202,0.5271707773208618,1,1,0.007905611768364906,0.5078210234642029,0.5585494041442871,3.080610990524292,1.4972529411315918,0.7261385917663574
91,21,place_in_slider,2.9858450889587402,3.8711256980895996,5.219675064086914,-0.6416349411010742,3.682884931564331,-1.1954634189605713,0,0,0.045668017119169235,0.1660728007555008,0.22032466530799866,2.9725987911224365,-1.9550130367279053,-1.326139211654663
92,21,turn_on_lightbulb,2.384761333465576,2.809239149093628,3.0430588722229004,-0.20551371574401855,2.4935717582702637,-0.6216706037521362,0,0,0.012014906853437424,0.8763394355773926,0.09786810725927353,1.681113839149475,-0.7572572231292725,-0.8158186674118042
93,21,lift_blue_block_slider,2.7224371433258057,3.176217555999756,3.2555251121520996,0.21038341522216797,2.4664692878723145,-0.5002719163894653,1,0,0.022317474707961082,0.45125284790992737,0.2785662114620209,2.37662672996521,-0.5718352794647217,-0.10777771472930908
94,21,push_pink_block_right,2.529111862182617,4.4112629890441895,5.439084053039551,-0.8895983695983887,2.844823122024536,-0.3205716609954834,0,0,0.05720711871981621,0.6155256628990173,0.26830199360847473,3.1483869552612305,-1.1668055057525635,-1.0037825107574463
95,21,turn_on_lightbulb,2.4993720054626465,2.5257883071899414,2.579094648361206,0.037036895751953125,1.957564353942871,-0.09801006317138672,1,0,0.023343367502093315,0.20141461491584778,0.10504021495580673,1.7922369241714478,-0.49359774589538574,-0.28859782218933105
96,21,lift_blue_block_slider,2.6408607959747314,3.1758108139038086,3.2032599449157715,0.6398067474365234,2.486274480819702,-0.5957900285720825,1,0,0.016795741394162178,0.5362873077392578,0.14725060760974884,2.380034923553467,-0.37810397148132324,-0.31935620307922363
97,21,lift_red_block_table,2.9468767642974854,3.100980043411255,3.7921409606933594,-0.5988974571228027,2.696537494659424,-1.139974594116211,0,0,0.07811073958873749,0.8901768326759338,0.13277846574783325,1.3654767274856567,-2.6579253673553467,-1.5451489686965942
98,21,place_in_slider,3.2910103797912598,3.414668321609497,4.077822685241699,-0.630373477935791,2.1846539974212646,-0.2671213150024414,0,1,0.06394339352846146,0.3871642053127289,0.2966495454311371,3.0978353023529053,0.8524177074432373,0.5430872440338135
99,21,turn_on_lightbulb,2.8732573986053467,2.650397539138794,2.650397539138794,0.5694136619567871,1.9112129211425781,0.03613889217376709,1,1,0.021947788074612617,0.4826112687587738,0.14677675068378448,1.9554132223129272,0.039830684661865234,0.192429780960083
100,21,lift_red_block_table,3.305907726287842,3.925847291946411,4.500836372375488,-0.23514175415039062,2.862837314605713,-0.6661860942840576,0,0,0.02659762091934681,0.4091604948043823,0.5735650062561035,3.4849720001220703,-0.7321972846984863,-0.3151834011077881
101,21,lift_blue_block_slider,2.3531649112701416,3.130159854888916,3.152702569961548,0.5864675045013428,2.4254586696624756,-0.06382393836975098,1,1,0.011918671429157257,0.1233377754688263,0.16285863518714905,2.695432186126709,1.2999777793884277,0.7772562503814697
102,21,place_in_slider,3.2998085021972656,4.036904335021973,5.769077777862549,-1.2298212051391602,3.904869556427002,-1.2937557697296143,0,0,0.025928616523742676,0.8536865711212158,0.2134234607219696,2.9013071060180664,-2.411177158355713,-1.186232566833496
103,21,turn_on_lightbulb,3.5426442623138428,3.509706974029541,4.01987886428833,-0.433502197265625,2.647643804550171,-1.0849673748016357,0,0,0.030803605914115906,0.4196701645851135,0.20491507649421692,1.8021516799926758,-0.850956916809082,-1.0743532180786133
104,21,place_in_slider,3.1756856441497803,3.7057533264160156,4.142307281494141,0.19900035858154297,2.9271140098571777,-0.439349889755249,1,0,0.050094977021217346,0.3731066584587097,0.7556816339492798,3.9227280616760254,-0.39575767517089844,-0.6894404888153076
105,21,turn_off_lightbulb,2.4787638187408447,2.551300048828125,2.551300048828125,0.8093326091766357,1.8230232000350952,0.3358110189437866,1,1,0.009054549969732761,0.48338115215301514,0.18563245236873627,1.9208167791366577,0.08094358444213867,0.01438891887664795
106,21,place_in_slider,2.8506741523742676,3.1984033584594727,5.609729290008545,-2.242908000946045,3.837960720062256,-1.3181414604187012,0,0,0.015363809652626514,0.7139257192611694,0.27981796860694885,2.4435477256774902,-3.0544843673706055,-1.7976667881011963
107,25,lift_blue_block_slider,3.2612874507904053,3.558643341064453,4.0680012702941895,-0.3288896083831787,2.9868006706237793,-1.0900905132293701,0,0,0.04137122258543968,0.7507677674293518,0.22508776187896729,2.7368600368499756,-1.641479730606079,-1.0745227336883545
108,25,place_in_slider,2.85258412361145,3.2443432807922363,5.354837894439697,-1.86301589012146,3.480894088745117,-1.098376750946045,0,0,0.04087013378739357,0.8291717767715454,0.1103677898645401,2.2507715225219727,-2.7138428688049316,-1.3764443397521973
109,25,turn_on_lightbulb,2.476590156555176,3.257085084915161,3.6756420135498047,-0.19666337966918945,2.1863532066345215,-0.7269004583358765,0,0,0.013328660279512405,0.5211573839187622,0.12976524233818054,2.1314663887023926,-0.25020909309387207,-0.5843797922134399
110,25,turn_off_lightbulb,1.9613242149353027,2.7477710247039795,2.8170645236968994,1.6563079357147217,1.8733587265014648,0.6790294647216797,1,1,0.009574372321367264,0.5961836576461792,0.3741673231124878,2.870957374572754,1.3379645347595215,0.8138082027435303
111,25,lift_red_block_table,3.6502561569213867,4.012007713317871,4.501287937164307,0.04379892349243164,2.936866283416748,-0.48947834968566895,1,0,0.022972261533141136,0.6076211333274841,0.2520034909248352,2.69867205619812,-1.0573489665985107,-0.493074893951416
112,25,turn_on_lightbulb,1.8085907697677612,2.043701171875,2.043701171875,0.7185289859771729,1.5700421333312988,0.18528854846954346,1,1,0.01977505348622799,0.5864256024360657,0.11741190403699875,1.9074630737304688,0.3198561668395996,0.40835607051849365
113,25,lift_blue_block_slider,3.3574764728546143,3.425940752029419,3.6113903522491455,-0.025457382202148438,2.6876914501190186,-0.8061755895614624,0,1,0.04695100709795952,0.5869742631912231,0.23896673321723938,3.0932559967041016,0.12695884704589844,0.15900278091430664
114,25,turn_off_lightbulb,1.5477426052093506,2.5811784267425537,2.6223902702331543,0.7945652008056641,1.8652490377426147,0.12598538398742676,1,1,0.02803051471710205,0.29812923073768616,0.1910839080810547,2.4726390838623047,0.5011608600616455,0.2739131450653076
115,25,lift_blue_block_slider,4.3456711769104,3.5915794372558594,3.853530168533325,-0.11028027534484863,2.921172618865967,-0.687492847442627,0,0,0.04844282940030098,0.970024049282074,0.28911593556404114,3.2093539237976074,-0.26282453536987305,-0.07339882850646973
116,25,place_in_slider,4.3715996742248535,3.784620761871338,4.8871846199035645,-0.905733585357666,2.845093250274658,-0.12385940551757812,0,0,0.07727216929197311,0.5605041980743408,0.36407941579818726,3.2038707733154297,-3.722646951675415,-3.2184391021728516
117,25,turn_on_lightbulb,3.4310810565948486,4.580636024475098,5.164202690124512,-0.41843414306640625,3.21039080619812,-0.7200145721435547,0,0,0.02629837580025196,0.5571230053901672,0.8454449772834778,4.487215042114258,-0.9355325698852539,-0.3603696823120117
118,25,turn_off_lightbulb,2.7157764434814453,2.756373643875122,2.772830009460449,0.27493906021118164,2.0552566051483154,0.20811200141906738,1,0,0.01321785245090723,0.8670278191566467,0.4329466223716736,2.361558198928833,-0.036660194396972656,0.2989569902420044
119,25,lift_red_block_table,3.703486204147339,3.4209771156311035,3.8302783966064453,-0.21870946884155273,2.58145809173584,-1.0503733158111572,0,0,0.029446663334965706,0.4662608802318573,0.13119067251682281,1.5199679136276245,-2.077685594558716,-1.163735270500183
120,25,lift_blue_block_slider,3.4684078693389893,3.168911933898926,3.3004860877990723,0.2966279983520508,2.4039578437805176,-0.9827848672866821,1,0,0.027171077206730843,0.31145429611206055,0.08939927816390991,1.6328842639923096,-1.6429228782653809,-1.0298079252243042
121,25,turn_on_lightbulb,2.5871524810791016,3.157865285873413,3.460149049758911,-0.26773524284362793,2.6911065578460693,-0.6465935707092285,0,0,0.02833985723555088,0.15524573624134064,0.12422481179237366,1.7154308557510376,-0.7569484710693359,-0.8394225835800171
122,29,turn_off_lightbulb,1.5866734981536865,2.706904888153076,2.817436933517456,1.7153236865997314,1.8373830318450928,0.8752667903900146,1,1,0.015175965614616871,0.5017140507698059,0.3206631541252136,2.4611496925354004,1.9528148174285889,1.1213287115097046
123,29,place_in_slider,3.299381971359253,3.476889133453369,4.362279415130615,-0.45209693908691406,3.1258187294006348,-1.016615629196167,0,0,0.09145145863294601,0.36616250872612,0.2256549596786499,2.6733827590942383,-2.294208288192749,-1.2453677654266357
124,29,turn_on_lightbulb,2.8592710494995117,2.637911081314087,2.6587488651275635,0.37897658348083496,1.7553536891937256,0.2487773895263672,1,0,0.007785389199852943,0.3822241425514221,0.13566313683986664,1.8159921169281006,-0.2116563320159912,-0.051079392433166504
125,29,lift_red_block_table,3.5468060970306396,3.1840553283691406,3.98332142829895,-0.7530770301818848,3.0340256690979004,-1.2706730365753174,0,0,0.047189563512802124,0.2696475684642792,0.13452528417110443,1.9214551448822021,-2.111722946166992,-1.4874279499053955
126,29,place_in_slider,3.336872100830078,3.2960758209228516,5.55755090713501,-2.0551178455352783,3.754904270172119,-1.0969629287719727,0,0,0.0496218316257,0.7057554125785828,0.17481105029582977,2.7613964080810547,-3.502662420272827,-2.2873334884643555
127,29,lift_blue_block_slider,2.7922544479370117,2.882800579071045,3.00533390045166,0.2209634780883789,2.5064308643341064,0.08560013771057129,1,1,0.0432480163872242,0.19197988510131836,0.29478058218955994,2.6452112197875977,0.3609764575958252,0.1723322868347168
128,29,place_in_slider,3.0174636840820312,3.1218714714050293,5.587811470031738,-2.3492929935455322,3.7636711597442627,-1.3065788745880127,0,0,0.043309297412633896,0.5455846190452576,0.2907281816005707,2.5537211894989014,-2.895437479019165,-1.6766765117645264
129,29,push_pink_block_right,2.835362434387207,3.13885235786438,3.985551118850708,-0.6039333343505859,2.6430583000183105,-0.3530302047729492,0,0,0.04542167857289314,0.21252751350402832,0.18375977873802185,2.1497042179107666,-1.1694607734680176,-0.9311585426330566
130,29,place_in_slider,2.492556095123291,3.878361225128174,5.7163238525390625,-0.8748464584350586,3.912586212158203,-1.4436025619506836,0,0,0.06956005096435547,0.36838337779045105,0.29808369278907776,3.2671494483947754,-1.6851301193237305,-1.4978938102722168
131,29,lift_red_block_table,1.8816752433776855,3.524383068084717,3.791403293609619,-0.11694717407226562,2.478593587875366,-0.20157432556152344,0,1,0.08465606719255447,0.8850491642951965,0.30385997891426086,2.8118274211883545,-0.3478882312774658,-0.062896728515625
132,29,lift_blue_block_slider,4.613367080688477,3.3334126472473145,3.4605164527893066,0.22162890434265137,2.9341208934783936,-0.026213407516479492,1,1,0.028070596978068352,0.5840033292770386,0.22871306538581848,2.880833387374878,0.3026926517486572,0.1936781406402588
133,29,turn_on_lightbulb,3.304070472717285,3.3386363983154297,4.0992584228515625,-0.6170306205749512,2.293919086456299,-0.5209810733795166,0,0,0.10447859764099121,0.6372299194335938,0.16699613630771637,2.3420462608337402,-0.4351687431335449,-0.659110426902771
134,29,push_pink_block_right,1.26264226436615,2.840885877609253,3.262592315673828,0.09450793266296387,1.8185955286026,0.07891476154327393,1,1,0.022840386256575584,0.7840291857719421,0.15602995455265045,2.685138463973999,0.15343761444091797,0.17788481712341309
135,29,lift_blue_block_slider,2.6390271186828613,3.1259055137634277,3.1491825580596924,0.4569830894470215,2.4263522624969482,-0.25216197967529297,1,0,0.012621170841157436,0.7052739262580872,0.3420599699020386,2.5548691749572754,-0.47347211837768555,0.02527463436126709
136,29,turn_off_lightbulb,2.7040345668792725,3.073025941848755,3.766559600830078,-0.684424877166748,3.229158878326416,-1.1287450790405273,0,0,0.03728780522942543,0.6144168972969055,0.2737961411476135,2.277259111404419,-1.2620608806610107,-1.1285526752471924
137,29,lift_red_block_table,3.568601369857788,3.3208725452423096,3.7562904357910156,-0.39462709426879883,2.1753697395324707,-0.2296077013015747,0,1,0.0292206984013319,0.8694586157798767,0.22182735800743103,2.5956287384033203,0.11435985565185547,-0.2740037441253662
138,29,turn_on_lightbulb,3.378147602081299,2.9312424659729004,2.9430105686187744,0.23227643966674805,2.381772518157959,-0.15793132781982422,1,1,0.019428707659244537,0.6137446761131287,0.21383120119571686,2.5057709217071533,0.06618213653564453,0.033197879791259766
