model,family,H2_full_mse,H4_decoded_mse,endpoint_accuracy,decode_reencode_accuracy,continuity,RedirectGain,Execution_RedirectGain,parameters,eligible,pareto_dominated
B0_unconditional,historical,0.7575621008872986,0.045861970633268356,0.17033945820287943,0.15427841634738185,0.1998794823884964,0.0,0.0,0,False,False
B1_correct_language,historical,0.6943433880805969,0.041534315794706345,0.4258137575243728,0.3729299986568411,0.17743369936943054,0.36498939990997314,0.2523128390312195,0,False,False
B2_shuffled_language,historical,0.7691538333892822,0.04623545706272125,0.16921253814424878,0.191632803127056,0.19823215901851654,0.001238713157363236,-0.012387554161250591,0,False,False
B3_null_language,historical,0.7947245240211487,0.04694985970854759,0.16799681674597158,0.1140705324275304,0.20043618977069855,0.0,0.0,0,False,False
D1_1NN,deterministic_local,1.6696479320526123,0.07493133097887039,0.48359202963665443,0.5102966462330899,0.21654905378818512,1.1306270360946655,0.7886983752250671,0,False,False
D2_Wave24,deterministic_local,1.2081164121627808,0.05414802208542824,0.4557078235915288,0.4105819617990003,0.20329692959785461,0.9020252823829651,0.7257784008979797,0,False,False
D3_local_ridge_a0.001,deterministic_local,1.623362421989441,0.06685452163219452,0.5653700142543956,0.5101051891788876,0.20101085305213928,2.1706669330596924,1.4730421304702759,0,False,False
D3_local_ridge_a0.01,deterministic_local,1.6207531690597534,0.06678270548582077,0.5653700142543956,0.5101051891788876,0.20090177655220032,2.1681442260742188,1.4712436199188232,0,False,False
D3_local_ridge_a0.1,deterministic_local,1.595916986465454,0.06610355526208878,0.5653700142543956,0.5339147129884113,0.20000305771827698,2.1436736583709717,1.4538344144821167,0,False,False
D3_local_ridge_a1,deterministic_local,1.4263081550598145,0.061616335064172745,0.5840568829412643,0.4994590451994103,0.19617986679077148,1.9542440176010132,1.3203727006912231,0,False,False
D4_weighted_affine_a0.001,deterministic_local,1.6226272583007812,0.06684143841266632,0.5653700142543956,0.5101051891788876,0.20094910264015198,2.171110153198242,1.4733749628067017,0,False,False
D4_weighted_affine_a0.01,deterministic_local,1.6145225763320923,0.06665351986885071,0.5709255698099511,0.5101051891788876,0.20033051073551178,2.1699411869049072,1.4723830223083496,0,False,False
D4_weighted_affine_a0.1,deterministic_local,1.5536270141601562,0.06490391492843628,0.5766726962467327,0.5394702685439671,0.19786205887794495,2.120438575744629,1.4343059062957764,0,False,False
D4_weighted_affine_a1,deterministic_local,1.2764829397201538,0.05741472169756889,0.5899803762210794,0.5171261375791464,0.19146454334259033,1.7762582302093506,1.1929227113723755,0,False,False
D5_global_factored_MLP,deterministic_local,0.9590760469436646,0.05531175434589386,0.25298230054822346,0.25297486926966306,0.2069094330072403,0.27525028586387634,0.1314011961221695,36129,False,False
F2_A_learned_direction_mean_magnitude,direction_magnitude,1.1126739978790283,0.05618714541196823,0.40806989694751694,0.37409360353917487,0.20192284882068634,0.7512122988700867,0.44011980295181274,36129,False,False
F2_B_D2_direction_learned_magnitude,direction_magnitude,1.4056661128997803,0.05435346066951752,0.6704391218928069,0.6230862831606577,0.20521563291549683,1.5716792345046997,1.129909873008728,36129,False,False
F2_C_separate_heads,direction_magnitude,0.9576658606529236,0.05048944801092148,0.2966601850307056,0.2618088870286301,0.20113644003868103,0.4258415102958679,0.2669726014137268,36129,False,False
F2_D_semantic_execution_heads,direction_magnitude,1.046432614326477,0.05293761566281319,0.4007817152171445,0.3944254353314529,0.2146926373243332,0.40688440203666687,0.3315134644508362,36258,False,False
Latent_CFM_16step_mean8,flow,0.8729429841041565,0.048215970396995544,0.4801661126542804,0.44858064205596326,0.21279822289943695,0.5259133577346802,0.3358107805252075,40224,False,False
Latent_CFM_8step_mean8,flow,0.8615237474441528,0.04787074401974678,0.4403973896536439,0.3948651653857875,0.20924212038516998,0.4791109263896942,0.29457443952560425,40224,False,False
Latent_Diff_16step_mean8,diffusion,2.2019131183624268,0.08338513970375061,0.15195263755101482,0.15558371961346942,0.20762327313423157,0.01747215911746025,0.008562664501369,40224,False,False
Latent_Diff_8step_mean8,diffusion,2.198939561843872,0.08148041367530823,0.164056157700512,0.1511164154504249,0.21380046010017395,0.017232375219464302,0.008692052215337753,40224,False,False
M1_K1_frequent,discrete_modes,2.3371708393096924,0.07606777548789978,0.5697461754933019,0.5545675695100982,0.23629258573055267,1.5088114738464355,1.1214263439178467,0,False,False
M1_K2_frequent,discrete_modes,2.5480988025665283,0.07743155211210251,0.5439043189550289,0.5354731512946523,0.2720741331577301,1.6271946430206299,1.3384313583374023,72483,False,False
M1_K3_frequent,discrete_modes,3.098527431488037,0.08580558747053146,0.4892921292515613,0.37638929947922506,0.2627508342266083,0.6697399616241455,0.2901386320590973,72612,False,False
M1_K4_frequent,discrete_modes,2.9249444007873535,0.10272888839244843,0.3468326492329197,0.39325074044479047,0.3009357154369354,0.4352305233478546,0.2489660233259201,72741,False,False
M2_K1_nearest_mode,discrete_modes,2.3371708393096924,0.07606777548789978,0.5697461754933019,0.5545675695100982,0.23629258573055267,1.5088114738464355,1.1214263439178467,0,False,False
M2_K2_nearest_mode,discrete_modes,2.0271379947662354,0.07389400899410248,0.5584035239545719,0.5481285211170269,0.26587945222854614,1.539677619934082,1.2496230602264404,72483,False,False
M2_K3_nearest_mode,discrete_modes,1.9096179008483887,0.0773981362581253,0.5473506597576915,0.5405375595030767,0.2596515119075775,1.5001802444458008,1.2172969579696655,72612,False,False
M2_K4_nearest_mode,discrete_modes,1.9323216676712036,0.07672440260648727,0.50072402117703,0.5146670348157839,0.24992570281028748,1.3824958801269531,1.1495130062103271,72741,False,False
M3_K1_knn_vote,discrete_modes,2.3371708393096924,0.07606777548789978,0.5697461754933019,0.5545675695100982,0.23629258573055267,1.5088114738464355,1.1214263439178467,0,False,False
M3_K2_knn_vote,discrete_modes,2.0423781871795654,0.07157742977142334,0.6055968585042284,0.5856714379702885,0.25544336438179016,1.6835001707077026,1.3195422887802124,72483,False,False
M3_K3_knn_vote,discrete_modes,2.1776816844940186,0.07444176077842712,0.5976941571938191,0.5430329568260602,0.2604900598526001,1.7180794477462769,1.2219470739364624,72612,False,False
M3_K4_knn_vote,discrete_modes,2.0838189125061035,0.08325190097093582,0.534062639336473,0.520590641922623,0.2499016970396042,1.5419241189956665,1.1941642761230469,72741,False,False
M4_K2_logistic,discrete_modes,3.2211318016052246,0.08186258375644684,0.5927862123602489,0.5501335190990364,0.2547990083694458,1.6472830772399902,1.2379703521728516,72483,False,False
M4_K3_logistic,discrete_modes,2.8124401569366455,0.09728392958641052,0.4938049642241664,0.44653746323793647,0.2843155860900879,0.9562575817108154,0.6416226625442505,72612,False,False
M4_K4_logistic,discrete_modes,2.9684793949127197,0.09577184170484543,0.45904287408682265,0.549993837079706,0.27903279662132263,1.1310988664627075,0.9085721373558044,72741,False,False
M5_K2_mlp,discrete_modes,2.3221213817596436,0.07682343572378159,0.6124898978516288,0.5719380449265506,0.2455543726682663,1.843753695487976,1.3930058479309082,72483,False,False
M5_K3_mlp,discrete_modes,2.288045883178711,0.0771641880273819,0.5576266219944381,0.47549322062506655,0.24832677841186523,1.4982813596725464,1.0997929573059082,72612,False,False
M5_K4_mlp,discrete_modes,2.323634147644043,0.0859346017241478,0.4936230198569617,0.49907037469579735,0.2609209716320038,1.3535027503967285,1.1053998470306396,72741,False,False
M6_K2_mode_residual,discrete_modes,1.0979037284851074,0.05085020139813423,0.48959347816683857,0.4697146128856744,0.21683737635612488,0.7708184123039246,0.47328394651412964,72483,False,False
M6_K3_mode_residual,discrete_modes,1.2082102298736572,0.05317828804254532,0.44995856696329994,0.40768111261688,0.19261913001537323,0.7284175753593445,0.5018942952156067,72612,False,False
M6_K4_mode_residual,discrete_modes,1.2357381582260132,0.060935068875551224,0.461590046444678,0.37384872908875605,0.20987561345100403,0.7205054759979248,0.48645320534706116,72741,False,False
MDN_K2_argmax,MDN,1.1382728815078735,0.0625869482755661,0.33890064559435756,0.2847098110113661,0.23006513714790344,0.27467480301856995,0.1442655622959137,40902,False,False
MDN_K3_argmax,MDN,1.2698884010314941,0.06565188616514206,0.3111800415045851,0.2969361830416597,0.2227502167224884,0.3108496367931366,0.1869548261165619,45417,False,False
MDN_K4_argmax,MDN,1.3392901420593262,0.06478852033615112,0.28795667808514325,0.28703677686098233,0.20493483543395996,0.1984548717737198,0.14232681691646576,49932,False,False
MoE_K2_hard,MoE,0.9520476460456848,0.05764118582010269,0.23674253400419723,0.209213858537726,0.20204168558120728,0.3266228437423706,0.1734422892332077,40644,False,False
MoE_K2_soft,MoE,0.9472091794013977,0.05748859420418739,0.23674253400419723,0.19791117654538884,0.20178735256195068,0.31334197521209717,0.16526676714420319,40644,False,False
MoE_K3_hard,MoE,1.0288487672805786,0.05761244148015976,0.28492365946727,0.28453333034130873,0.19957154989242554,0.4833114445209503,0.33888334035873413,45030,False,False
MoE_K3_soft,MoE,1.0223575830459595,0.05731549859046936,0.28702449980340444,0.27430369570329005,0.19902820885181427,0.4691533148288727,0.3341597318649292,45030,False,False
MoE_K4_hard,MoE,1.0509358644485474,0.05824492499232292,0.3010810477679984,0.27760916743337294,0.20325346291065216,0.1970621943473816,0.07140669971704483,49416,False,False
MoE_K4_soft,MoE,1.0258747339248657,0.05817124620079994,0.2912771261993709,0.2851849250091305,0.20230591297149658,0.1839173138141632,0.06282009929418564,49416,False,False
Phase_D5_factored_MLP,phase_augmented,0.9273486137390137,0.048670560121536255,0.40129619710417547,0.34858891890670113,0.21167494356632233,0.49322059750556946,0.33952489495277405,37153,False,False
Phase_cvae,phase_augmented,0.9815004467964172,0.05581868067383766,0.28138715140067405,0.25759637652808715,0.23489080369472504,0.25019901990890503,0.1403830200433731,75817,False,False
Phase_diffusion,phase_augmented,2.192681074142456,0.08129844069480896,0.1513505576385901,0.1437748000628325,0.20840393006801605,0.01484846230596304,0.013036024756729603,41248,False,False
Phase_flow,phase_augmented,0.8330019116401672,0.044799912720918655,0.4398583861734639,0.38503387654841337,0.20173047482967377,0.421276718378067,0.2610156834125519,41248,False,False
Phase_mdn,phase_augmented,1.2176988124847412,0.06662240624427795,0.28122764721818133,0.33043893976956856,0.20651695132255554,0.2890838086605072,0.18482674658298492,46441,False,False
Phase_moe,phase_augmented,1.027113676071167,0.0543447881937027,0.3629614019066351,0.281035474679829,0.19851887226104736,0.3859555423259735,0.2553524971008301,46054,False,False
RAT_A_attention,retrieval_augmented,1.0696580410003662,0.05462539196014404,0.5191154599538642,0.5243806427714474,0.2077520340681076,1.1268372535705566,0.7842555642127991,80418,False,False
RAT_B_top1,retrieval_augmented,1.7360888719558716,0.0814184918999672,0.4567028343904611,0.44135974835772,0.24835951626300812,1.0654382705688477,0.7241508364677429,80418,False,False
RAT_C_residual,retrieval_augmented,0.9903538227081299,0.05123110115528107,0.37226557405732524,0.3311330732223227,0.19731861352920532,0.7103215456008911,0.4319334030151367,80418,False,False
cVAE_D_z2_mean8,cVAE,0.9600247144699097,0.05547882989048958,0.25769776388437643,0.2529709991508504,0.2305336892604828,0.18359985947608948,0.08837530761957169,72997,False,False
cVAE_D_z4_mean8,cVAE,0.940825343132019,0.05634443834424019,0.30970508718987416,0.28906345076054335,0.229376420378685,0.24030819535255432,0.14101099967956543,73769,False,False
goal_horizon_mean,historical,1.6877727508544922,0.06793764233589172,0.32314044856303137,0.2950674685292671,0.2112099975347519,0.5348391532897949,0.39925631880760193,0,False,False
language_prototype,historical,0.6779637932777405,0.04999558627605438,0.8333333333333334,0.5,0.21191315352916718,0.5067560076713562,0.4460979998111725,0,False,False
