sample,session,goal,horizon,target_distance,margin,region_rank,semantic_rank,semantic_top1,semantic_cosine_margin
0,0,lift_red_block_table,0,3.6910464763641357,0.06947112083435059,1,1,1,0.06611067056655884
0,0,lift_red_block_table,1,2.748342514038086,0.38439059257507324,1,1,1,0.08393490314483643
0,0,lift_red_block_table,2,3.0442028045654297,0.10077762603759766,1,1,1,0.051441460847854614
0,0,lift_red_block_table,4,3.872929334640503,-0.4254894256591797,4,3,0,-0.007332265377044678
1,0,place_in_slider,0,4.027568817138672,-0.6647391319274902,5,6,0,-0.3876994252204895
1,0,place_in_slider,1,3.5484225749969482,-0.21737289428710938,2,2,0,-0.03094218671321869
1,0,place_in_slider,2,4.124487400054932,-0.1711266040802002,3,2,0,-0.07710157334804535
1,0,place_in_slider,4,4.8275299072265625,-0.7555441856384277,6,5,0,-0.27495789527893066
2,0,turn_on_lightbulb,0,5.859991073608398,0.06419610977172852,1,2,0,-0.04412086308002472
2,0,turn_on_lightbulb,1,3.8827743530273438,-0.1241767406463623,2,1,1,0.005124866962432861
2,0,turn_on_lightbulb,2,3.6377792358398438,-0.16362905502319336,3,2,0,-6.875395774841309e-05
2,0,turn_on_lightbulb,4,3.5826492309570312,0.09128904342651367,1,2,0,-0.029964715242385864
3,0,turn_off_lightbulb,0,4.6185994148254395,-0.907785177230835,3,3,0,-0.27336937189102173
3,0,turn_off_lightbulb,1,3.965716600418091,-0.040441274642944336,2,2,0,-0.012504756450653076
3,0,turn_off_lightbulb,2,2.869893789291382,0.668140172958374,1,2,0,-0.02094167470932007
3,0,turn_off_lightbulb,4,2.026664972305298,0.8776135444641113,1,1,1,0.04096844792366028
4,0,push_pink_block_right,0,6.77205753326416,-1.800675868988037,6,4,0,-0.14263248443603516
4,0,push_pink_block_right,1,5.634613990783691,-1.0006403923034668,6,5,0,-0.12539994716644287
4,0,push_pink_block_right,2,4.689301013946533,-0.7921197414398193,4,5,0,-0.20694251358509064
4,0,push_pink_block_right,4,3.964890241622925,-0.04051399230957031,2,4,0,-0.15340730547904968
5,0,lift_blue_block_slider,0,3.554631471633911,-0.5526623725891113,5,2,0,-0.03732641041278839
5,0,lift_blue_block_slider,1,4.565882682800293,-0.6357100009918213,5,2,0,-0.05593977868556976
5,0,lift_blue_block_slider,2,3.0233922004699707,0.443828821182251,1,1,1,0.04893173277378082
5,0,lift_blue_block_slider,4,3.061476230621338,0.5550806522369385,1,1,1,0.1528736650943756
6,0,place_in_slider,0,4.315985202789307,-1.0480117797851562,5,6,0,-0.700053334236145
6,0,place_in_slider,1,3.0299763679504395,0.1713106632232666,1,2,0,-0.06238970160484314
6,0,place_in_slider,2,4.292389869689941,-0.47600603103637695,5,2,0,-0.06120455265045166
6,0,place_in_slider,4,4.650930881500244,-0.8707916736602783,6,6,0,-0.2590600848197937
7,0,lift_red_block_table,0,3.6585307121276855,0.4131159782409668,1,1,1,0.22421294450759888
7,0,lift_red_block_table,1,3.788217067718506,0.20425915718078613,1,1,1,0.20061498880386353
7,0,lift_red_block_table,2,3.602534532546997,-0.06974649429321289,2,1,1,0.12058150768280029
7,0,lift_red_block_table,4,3.862126111984253,-0.2702369689941406,2,1,1,0.08006496727466583
8,0,lift_blue_block_slider,0,4.526098728179932,-2.6664066314697266,4,6,0,-0.3894730806350708
8,0,lift_blue_block_slider,1,4.799095153808594,-0.7059621810913086,4,5,0,-0.08772477507591248
8,0,lift_blue_block_slider,2,3.643664836883545,0.01923990249633789,1,3,0,-0.07203918695449829
8,0,lift_blue_block_slider,4,3.7015833854675293,0.12312054634094238,1,1,1,0.21259063482284546
9,0,turn_on_lightbulb,0,5.218865871429443,0.21089506149291992,1,2,0,-0.017576873302459717
9,0,turn_on_lightbulb,1,3.6637070178985596,0.30284810066223145,1,1,1,0.03577569127082825
9,0,turn_on_lightbulb,2,3.2648377418518066,-0.08353781700134277,2,1,1,0.009667396545410156
9,0,turn_on_lightbulb,4,3.181884288787842,-0.550729513168335,4,2,0,-0.01832398772239685
10,0,turn_off_lightbulb,0,3.2478950023651123,0.031078815460205078,1,1,1,0.015597403049468994
10,0,turn_off_lightbulb,1,3.413684844970703,-0.31502842903137207,2,2,0,-0.021651357412338257
10,0,turn_off_lightbulb,2,3.269994020462036,0.2397761344909668,1,1,1,0.03255400061607361
10,0,turn_off_lightbulb,4,2.730187177658081,0.48181581497192383,1,1,1,0.08360892534255981
11,0,lift_red_block_table,0,4.222503185272217,-1.904477596282959,5,6,0,-0.7700239419937134
11,0,lift_red_block_table,1,4.311013698577881,-0.3586268424987793,2,1,1,0.025339782238006592
11,0,lift_red_block_table,2,3.0650835037231445,0.49697446823120117,1,1,1,0.17816521227359772
11,0,lift_red_block_table,4,3.1656386852264404,-0.2014024257659912,2,1,1,0.08323819935321808
12,0,lift_blue_block_slider,0,9.0226469039917,0.07395648956298828,1,2,0,-0.06546640396118164
12,0,lift_blue_block_slider,1,5.189509391784668,0.2161393165588379,1,2,0,-0.0696224570274353
12,0,lift_blue_block_slider,2,4.519725322723389,-0.09293842315673828,2,2,0,-0.09143465757369995
12,0,lift_blue_block_slider,4,4.4487504959106445,-0.17034482955932617,2,2,0,-0.13793376088142395
13,0,turn_off_lightbulb,0,5.310047626495361,0.2381143569946289,1,5,0,-0.149337038397789
13,0,turn_off_lightbulb,1,3.76277494430542,0.04720497131347656,1,2,0,-0.09662871062755585
13,0,turn_off_lightbulb,2,4.113039016723633,0.027208328247070312,1,2,0,-0.013991937041282654
13,0,turn_off_lightbulb,4,3.841571807861328,0.3829617500305176,1,3,0,-0.07839769124984741
14,0,lift_blue_block_slider,0,4.349857330322266,0.01750659942626953,1,4,0,-0.22238343954086304
14,0,lift_blue_block_slider,1,3.628416061401367,0.3755464553833008,1,3,0,-0.05793428421020508
14,0,lift_blue_block_slider,2,2.789102077484131,1.0446577072143555,1,1,1,0.15522770583629608
14,0,lift_blue_block_slider,4,3.448073625564575,-0.05851030349731445,2,1,1,0.06686705350875854
15,0,turn_on_lightbulb,0,5.285543441772461,-1.7024986743927002,6,4,0,-0.25789713859558105
15,0,turn_on_lightbulb,1,4.465858459472656,-0.3080000877380371,3,1,1,0.014080792665481567
15,0,turn_on_lightbulb,2,3.445274829864502,-0.3022644519805908,2,1,1,0.07028442621231079
15,0,turn_on_lightbulb,4,3.3678805828094482,-0.0950465202331543,2,4,0,-0.1105213314294815
16,0,push_pink_block_right,0,4.031003952026367,-0.18283891677856445,2,3,0,-0.03584454953670502
16,0,push_pink_block_right,1,3.9072928428649902,0.005274772644042969,1,5,0,-0.21754473447799683
16,0,push_pink_block_right,2,4.09684944152832,-0.5865199565887451,5,4,0,-0.09282517433166504
16,0,push_pink_block_right,4,2.3869144916534424,0.8129115104675293,1,1,1,0.0910523533821106
17,0,turn_off_lightbulb,0,5.421079158782959,-0.9156436920166016,5,3,0,-0.006318509578704834
17,0,turn_off_lightbulb,1,3.490449905395508,-0.1157371997833252,2,3,0,-0.08783191442489624
17,0,turn_off_lightbulb,2,2.8159618377685547,0.6435153484344482,1,2,0,-0.09739622473716736
17,0,turn_off_lightbulb,4,2.4151713848114014,0.8532674312591553,1,2,0,-0.03424495458602905
18,0,turn_on_lightbulb,0,3.095041275024414,-0.5230231285095215,2,2,0,-0.3726884722709656
18,0,turn_on_lightbulb,1,4.400063514709473,0.06377887725830078,1,2,0,-0.0019750595092773438
18,0,turn_on_lightbulb,2,3.054774045944214,0.41002655029296875,1,1,1,0.0877588540315628
18,0,turn_on_lightbulb,4,3.069112539291382,0.21650290489196777,1,4,0,-0.11565609276294708
19,0,lift_blue_block_slider,0,6.2932000160217285,-1.166407585144043,3,1,1,0.020533695816993713
19,0,lift_blue_block_slider,1,5.515073776245117,-0.21885156631469727,3,1,1,0.03232763707637787
19,0,lift_blue_block_slider,2,3.1605772972106934,0.35481882095336914,1,1,1,0.23702463507652283
19,0,lift_blue_block_slider,4,2.9824700355529785,0.18745994567871094,1,1,1,0.13401982188224792
20,0,turn_off_lightbulb,0,6.1941142082214355,-1.4411377906799316,6,1,1,0.04071430861949921
20,0,turn_off_lightbulb,1,5.824644088745117,-0.3149590492248535,3,1,1,0.011225342750549316
20,0,turn_off_lightbulb,2,3.9152863025665283,0.22111010551452637,1,2,0,-0.03238588571548462
20,0,turn_off_lightbulb,4,3.1164374351501465,1.3615984916687012,1,1,1,0.04246261715888977
21,0,turn_on_lightbulb,0,2.8841052055358887,-0.5808553695678711,3,3,0,-0.3229677081108093
21,0,turn_on_lightbulb,1,4.145801067352295,-0.44805359840393066,3,3,0,-0.04389660060405731
21,0,turn_on_lightbulb,2,3.137331485748291,0.21493244171142578,1,2,0,-0.022070378065109253
21,0,turn_on_lightbulb,4,2.7612690925598145,0.02191758155822754,1,2,0,-0.018946751952171326
22,0,turn_off_lightbulb,0,3.630099058151245,-0.19583535194396973,2,2,0,-0.028074920177459717
22,0,turn_off_lightbulb,1,3.01436448097229,0.28147411346435547,1,2,0,-0.0338207483291626
22,0,turn_off_lightbulb,2,3.063821315765381,0.40954136848449707,1,1,1,0.06035572290420532
22,0,turn_off_lightbulb,4,2.4214539527893066,0.8120994567871094,1,1,1,0.024128973484039307
23,0,push_pink_block_right,0,5.499567985534668,-1.295609474182129,4,3,0,-0.21560722589492798
23,0,push_pink_block_right,1,3.8411145210266113,-0.06755423545837402,2,4,0,-0.22902655601501465
23,0,push_pink_block_right,2,3.4520366191864014,0.3657536506652832,1,3,0,-0.08470425009727478
23,0,push_pink_block_right,4,4.183126449584961,-0.6959667205810547,5,5,0,-0.12494385987520218
24,0,lift_red_block_table,0,4.656726837158203,-2.7080817222595215,5,4,0,-0.15798228979110718
24,0,lift_red_block_table,1,4.634763240814209,-0.4125518798828125,3,1,1,0.031184256076812744
24,0,lift_red_block_table,2,3.369652509689331,0.32128310203552246,1,1,1,0.10906119644641876
24,0,lift_red_block_table,4,2.8709208965301514,0.29060959815979004,1,1,1,0.10446012020111084
25,8,lift_red_block_table,0,3.374222993850708,-0.49629974365234375,3,3,0,-0.14805108308792114
25,8,lift_red_block_table,1,3.4127984046936035,-0.6123895645141602,4,3,0,-0.3199438452720642
25,8,lift_red_block_table,2,3.6691384315490723,-0.30712032318115234,2,3,0,-0.14521059393882751
25,8,lift_red_block_table,4,3.9997718334198,-0.317291259765625,2,1,1,0.02587243914604187
26,8,turn_on_lightbulb,0,4.881852149963379,-1.5188207626342773,4,4,0,-0.37439510226249695
26,8,turn_on_lightbulb,1,4.164747714996338,0.10071706771850586,1,1,1,0.0073746442794799805
26,8,turn_on_lightbulb,2,3.257800340652466,0.2889418601989746,1,1,1,0.05364903807640076
26,8,turn_on_lightbulb,4,2.5861401557922363,0.742368221282959,1,3,0,-0.11382836103439331
27,8,turn_off_lightbulb,0,3.716545820236206,-0.052127838134765625,2,2,0,-0.07188811898231506
27,8,turn_off_lightbulb,1,3.1282100677490234,0.3397197723388672,1,2,0,-0.08882495760917664
27,8,turn_off_lightbulb,2,3.9197754859924316,-0.257709264755249,3,1,1,0.05695807933807373
27,8,turn_off_lightbulb,4,3.681269407272339,-0.1136016845703125,2,1,1,0.022322803735733032
28,8,turn_on_lightbulb,0,4.286844253540039,-1.8551700115203857,5,5,0,-0.20469316840171814
28,8,turn_on_lightbulb,1,4.374543190002441,-0.6893694400787354,5,3,0,-0.06396833062171936
28,8,turn_on_lightbulb,2,2.9924283027648926,0.1865382194519043,1,1,1,0.0033178627490997314
28,8,turn_on_lightbulb,4,2.213754177093506,0.9267234802246094,1,2,0,-0.03887733817100525
29,8,turn_off_lightbulb,0,4.123757839202881,-0.20363807678222656,2,4,0,-0.37906232476234436
29,8,turn_off_lightbulb,1,6.131016731262207,-0.20209503173828125,2,2,0,-0.047410935163497925
29,8,turn_off_lightbulb,2,3.6317858695983887,-0.002097606658935547,2,2,0,-0.04561153054237366
29,8,turn_off_lightbulb,4,3.37724232673645,0.2523982524871826,1,2,0,-0.039985060691833496
30,8,place_in_slider,0,4.79862642288208,-1.1728343963623047,5,5,0,-0.4947514832019806
30,8,place_in_slider,1,4.191048622131348,-0.41069841384887695,3,1,1,0.10945823788642883
30,8,place_in_slider,2,3.0837087631225586,0.7042157649993896,1,1,1,0.1903572380542755
30,8,place_in_slider,4,4.076343059539795,0.3954281806945801,1,6,0,-0.2638249397277832
31,8,turn_on_lightbulb,0,6.472521781921387,-1.2445545196533203,2,5,0,-0.2792642116546631
31,8,turn_on_lightbulb,1,4.626233100891113,0.1041712760925293,1,4,0,-0.1509854793548584
31,8,turn_on_lightbulb,2,3.2514488697052,-0.07810568809509277,2,2,0,-0.07745486497879028
31,8,turn_on_lightbulb,4,2.9087977409362793,0.5834763050079346,1,2,0,-0.0721474289894104
32,8,lift_blue_block_slider,0,5.205580711364746,-0.5891976356506348,5,2,0,-0.06453785300254822
32,8,lift_blue_block_slider,1,3.2616477012634277,0.25627613067626953,1,3,0,-0.07800844311714172
32,8,lift_blue_block_slider,2,2.568249225616455,0.9085123538970947,1,1,1,0.3675982356071472
32,8,lift_blue_block_slider,4,3.3645119667053223,0.8349175453186035,1,1,1,0.03925752639770508
33,8,place_in_slider,0,3.7840676307678223,0.286531925201416,1,3,0,-0.10152733325958252
33,8,place_in_slider,1,3.2367568016052246,0.15017986297607422,1,1,1,0.10892589390277863
33,8,place_in_slider,2,3.6120998859405518,0.6146624088287354,1,1,1,0.09210193157196045
33,8,place_in_slider,4,5.572649955749512,-1.863356590270996,6,6,0,-0.5584754347801208
34,8,turn_off_lightbulb,0,4.937717437744141,-1.55259370803833,5,5,0,-0.23115083575248718
34,8,turn_off_lightbulb,1,4.610975742340088,-0.8377830982208252,2,3,0,-0.22115951776504517
34,8,turn_off_lightbulb,2,3.1489317417144775,0.34179043769836426,1,1,1,0.01150675117969513
34,8,turn_off_lightbulb,4,2.739501953125,0.04032444953918457,1,2,0,-0.11747986078262329
35,8,lift_blue_block_slider,0,3.8190460205078125,0.46417665481567383,1,3,0,-0.023445114493370056
35,8,lift_blue_block_slider,1,4.640862941741943,-0.8738722801208496,4,3,0,-0.13311322033405304
35,8,lift_blue_block_slider,2,4.743074893951416,-0.051844120025634766,4,4,0,-0.0247020423412323
35,8,lift_blue_block_slider,4,3.710480213165283,0.24035406112670898,1,1,1,0.18518131971359253
36,8,lift_red_block_table,0,3.9858314990997314,-0.10025334358215332,2,1,1,0.05594068765640259
36,8,lift_red_block_table,1,4.451434135437012,0.3571310043334961,1,1,1,0.0506172776222229
36,8,lift_red_block_table,2,3.6399388313293457,0.09124636650085449,1,1,1,0.03071543574333191
36,8,lift_red_block_table,4,3.5855109691619873,0.06391644477844238,1,1,1,0.18319770693778992
37,8,turn_on_lightbulb,0,5.257611274719238,-0.6377882957458496,6,1,1,0.014994949102401733
37,8,turn_on_lightbulb,1,4.4521894454956055,0.0931406021118164,1,3,0,-0.10097397863864899
37,8,turn_on_lightbulb,2,3.3129284381866455,0.03918194770812988,1,4,0,-0.07241562008857727
37,8,turn_on_lightbulb,4,2.7818593978881836,0.7355375289916992,1,2,0,-0.03143817186355591
38,8,turn_off_lightbulb,0,3.3486721515655518,-1.6274937391281128,4,4,0,-0.5647966265678406
38,8,turn_off_lightbulb,1,4.10006046295166,0.10025215148925781,1,3,0,-0.050913065671920776
38,8,turn_off_lightbulb,2,2.9413161277770996,0.35256290435791016,1,2,0,-0.022457659244537354
38,8,turn_off_lightbulb,4,2.508084297180176,0.4825155735015869,1,1,1,0.0801660418510437
39,8,lift_red_block_table,0,4.065494060516357,-0.9193763732910156,4,1,1,0.05147257447242737
39,8,lift_red_block_table,1,4.460851669311523,0.03944587707519531,1,1,1,0.08130249381065369
39,8,lift_red_block_table,2,3.3337759971618652,0.05682086944580078,1,1,1,0.027879342436790466
39,8,lift_red_block_table,4,3.1416175365448,-0.3929002285003662,2,1,1,0.02453969419002533
40,8,lift_blue_block_slider,0,6.781224250793457,-0.13271570205688477,4,2,0,-0.07272511720657349
40,8,lift_blue_block_slider,1,4.76409387588501,-0.4428563117980957,4,2,0,-0.052274227142333984
40,8,lift_blue_block_slider,2,3.1899850368499756,-0.04162311553955078,2,1,1,0.07518237829208374
40,8,lift_blue_block_slider,4,3.3909084796905518,0.6155426502227783,1,2,0,-0.03227412700653076
41,8,lift_red_block_table,0,4.281379699707031,-2.077766180038452,5,4,0,-0.3134702444076538
41,8,lift_red_block_table,1,4.410397529602051,0.038236141204833984,1,2,0,-0.014589890837669373
41,8,lift_red_block_table,2,3.2833855152130127,0.362548828125,1,1,1,0.08028316497802734
41,8,lift_red_block_table,4,3.181104898452759,-0.024187803268432617,2,1,1,0.05744516849517822
42,8,place_in_slider,0,7.630557060241699,-4.728041648864746,6,6,0,-0.87767094373703
42,8,place_in_slider,1,3.0639307498931885,0.1355440616607666,1,1,1,0.13453616201877594
42,8,place_in_slider,2,3.0643537044525146,0.15742707252502441,1,1,1,0.2603442668914795
42,8,place_in_slider,4,5.090476989746094,-1.356269121170044,6,6,0,-0.4213967025279999
43,8,lift_red_block_table,0,3.8850154876708984,-0.09510350227355957,2,1,1,0.13607102632522583
43,8,lift_red_block_table,1,3.407308578491211,-0.22901010513305664,2,1,1,0.0047002434730529785
43,8,lift_red_block_table,2,3.3312103748321533,-0.01023411750793457,2,2,0,-0.030317217111587524
43,8,lift_red_block_table,4,3.833805561065674,-0.30499744415283203,2,1,1,0.006165757775306702
44,8,turn_on_lightbulb,0,3.6565794944763184,-1.5672175884246826,4,3,0,-0.34823232889175415
44,8,turn_on_lightbulb,1,4.302657127380371,-0.31754016876220703,2,1,1,0.008247464895248413
44,8,turn_on_lightbulb,2,2.7144320011138916,0.3586153984069824,1,1,1,0.038649171590805054
44,8,turn_on_lightbulb,4,2.073014736175537,1.1082236766815186,1,2,0,-0.017267853021621704
45,8,lift_red_block_table,0,6.5840911865234375,-0.3666343688964844,5,3,0,-0.0748029351234436
45,8,lift_red_block_table,1,4.904445648193359,0.22574901580810547,1,2,0,-0.025217115879058838
45,8,lift_red_block_table,2,4.111065864562988,0.31661272048950195,1,5,0,-0.194584459066391
45,8,lift_red_block_table,4,4.3004374504089355,-0.16793298721313477,6,6,0,-0.20449034869670868
46,8,place_in_slider,0,3.675673007965088,0.34807729721069336,1,1,1,0.3238758444786072
46,8,place_in_slider,1,4.232024192810059,0.4290275573730469,1,1,1,0.08115968108177185
46,8,place_in_slider,2,4.986648082733154,-1.448404312133789,6,6,0,-0.21473298966884613
46,8,place_in_slider,4,4.464328289031982,-0.5206060409545898,6,3,0,-0.16563236713409424
47,8,lift_blue_block_slider,0,5.402775764465332,-0.03397703170776367,2,2,0,-0.01024743914604187
47,8,lift_blue_block_slider,1,4.100533485412598,0.42054319381713867,1,1,1,0.1817294955253601
47,8,lift_blue_block_slider,2,4.402915000915527,0.07642221450805664,1,1,1,0.2459050714969635
47,8,lift_blue_block_slider,4,4.209494113922119,0.4137997627258301,1,1,1,0.013365834951400757
48,8,place_in_slider,0,8.322023391723633,-4.2683610916137695,6,6,0,-0.7319391369819641
48,8,place_in_slider,1,4.053628921508789,-0.29488253593444824,2,5,0,-0.20682720839977264
48,8,place_in_slider,2,3.7232813835144043,-0.012403011322021484,2,1,1,0.17607606947422028
48,8,place_in_slider,4,5.690675735473633,-1.3824758529663086,6,6,0,-0.41887009143829346
49,8,push_pink_block_right,0,3.4138076305389404,-0.41527509689331055,2,1,1,0.07342088222503662
49,8,push_pink_block_right,1,4.571310043334961,-0.3011775016784668,4,3,0,-0.08445149660110474
49,8,push_pink_block_right,2,3.5983893871307373,-0.34302830696105957,4,1,1,0.12493249773979187
49,8,push_pink_block_right,4,3.3578524589538574,0.295823335647583,1,1,1,0.021560221910476685
50,8,lift_blue_block_slider,0,7.0454583168029785,-0.6025590896606445,5,1,1,0.01216629147529602
50,8,lift_blue_block_slider,1,6.011050224304199,-0.48500537872314453,4,2,0,-0.022346287965774536
50,8,lift_blue_block_slider,2,4.686949253082275,-0.45533180236816406,4,1,1,0.09767429530620575
50,8,lift_blue_block_slider,4,3.6052322387695312,0.18009424209594727,1,1,1,0.2305244505405426
51,8,turn_off_lightbulb,0,5.419229507446289,-0.11006689071655273,2,2,0,-0.03207780420780182
51,8,turn_off_lightbulb,1,3.877685070037842,0.2896270751953125,1,2,0,-0.10665759444236755
51,8,turn_off_lightbulb,2,3.6411354541778564,0.5437009334564209,1,2,0,-0.022618144750595093
51,8,turn_off_lightbulb,4,3.0657448768615723,0.44068217277526855,1,3,0,-0.08571648597717285
52,8,place_in_slider,0,5.363205432891846,-1.702700138092041,6,6,0,-0.8651440143585205
52,8,place_in_slider,1,2.5285983085632324,0.34844040870666504,1,1,1,0.3124217689037323
52,8,place_in_slider,2,3.3005104064941406,0.9864511489868164,1,1,1,0.15955910086631775
52,8,place_in_slider,4,5.612460136413574,-2.338000774383545,6,6,0,-0.4965745806694031
53,8,lift_red_block_table,0,3.908032178878784,0.21544957160949707,1,1,1,0.1858018934726715
53,8,lift_red_block_table,1,3.2514185905456543,0.43336963653564453,1,1,1,0.1133444607257843
53,8,lift_red_block_table,2,3.2254741191864014,0.014269590377807617,1,1,1,0.013740628957748413
53,8,lift_red_block_table,4,3.802398204803467,-0.6202640533447266,4,4,0,-0.03377574682235718
54,8,place_in_slider,0,6.439827919006348,-2.3249268531799316,6,6,0,-0.7905775308609009
54,8,place_in_slider,1,3.0781962871551514,0.5189712047576904,1,1,1,0.14413364231586456
54,8,place_in_slider,2,3.6815428733825684,0.21077728271484375,1,1,1,0.2735409736633301
54,8,place_in_slider,4,5.415735244750977,-2.0005698204040527,6,6,0,-0.5158604383468628
55,8,lift_blue_block_slider,0,5.541306495666504,-0.8396029472351074,5,4,0,-0.14938955008983612
55,8,lift_blue_block_slider,1,4.293818473815918,-0.4896731376647949,4,4,0,-0.09573042392730713
55,8,lift_blue_block_slider,2,3.3963730335235596,-0.27762317657470703,3,2,0,-0.0036245137453079224
55,8,lift_blue_block_slider,4,2.898406982421875,0.7101471424102783,1,1,1,0.07884222269058228
56,8,lift_red_block_table,0,6.808929443359375,-0.23325109481811523,3,1,1,0.12139567732810974
56,8,lift_red_block_table,1,4.790928840637207,-0.19374465942382812,2,1,1,0.03150305151939392
56,8,lift_red_block_table,2,4.282208442687988,-0.45320940017700195,2,2,0,-0.22680217027664185
56,8,lift_red_block_table,4,5.0011091232299805,-0.5647563934326172,3,1,1,0.0016362667083740234
57,8,place_in_slider,0,7.585005760192871,-3.737349510192871,6,6,0,-0.7255045175552368
57,8,place_in_slider,1,3.769827365875244,0.05745983123779297,1,1,1,0.06226128339767456
57,8,place_in_slider,2,2.883733034133911,0.6335303783416748,1,1,1,0.19341009855270386
57,8,place_in_slider,4,3.8712971210479736,0.8846948146820068,1,4,0,-0.12680870294570923
58,8,lift_blue_block_slider,0,4.086443901062012,0.18221426010131836,1,2,0,-0.16219475865364075
58,8,lift_blue_block_slider,1,2.7217538356781006,0.3060309886932373,1,1,1,0.1022953987121582
58,8,lift_blue_block_slider,2,2.8986551761627197,0.499758243560791,1,1,1,0.311637818813324
58,8,lift_blue_block_slider,4,3.5225048065185547,0.11114621162414551,1,1,1,0.06913036108016968
59,8,turn_off_lightbulb,0,5.518034934997559,-1.4816055297851562,6,4,0,-0.258918434381485
59,8,turn_off_lightbulb,1,3.6514499187469482,0.8291332721710205,1,2,0,-0.0018204599618911743
59,8,turn_off_lightbulb,2,3.8339340686798096,0.07397651672363281,1,2,0,-0.05080151557922363
59,8,turn_off_lightbulb,4,3.8810184001922607,-0.054886579513549805,2,1,1,0.03283777832984924
60,8,push_pink_block_right,0,6.950508117675781,-0.9097299575805664,6,6,0,-0.15729832649230957
60,8,push_pink_block_right,1,4.4129252433776855,-0.8052701950073242,5,1,1,0.08789309859275818
60,8,push_pink_block_right,2,3.3172855377197266,0.2468562126159668,1,1,1,0.21510452032089233
60,8,push_pink_block_right,4,3.236936569213867,-0.11337471008300781,2,1,1,0.1859385371208191
61,8,turn_on_lightbulb,0,3.6674461364746094,-1.4394762516021729,4,3,0,-0.2585398256778717
61,8,turn_on_lightbulb,1,4.255204200744629,-0.8119363784790039,3,2,0,-0.020594924688339233
61,8,turn_on_lightbulb,2,2.9894022941589355,0.1895890235900879,1,2,0,-0.013943269848823547
61,8,turn_on_lightbulb,4,2.478098154067993,0.3393566608428955,1,2,0,-0.0373602956533432
62,8,place_in_slider,0,4.956724643707275,-0.6959037780761719,2,3,0,-0.1636955738067627
62,8,place_in_slider,1,3.3539440631866455,0.05227208137512207,1,1,1,0.04394257068634033
62,8,place_in_slider,2,4.392621994018555,-0.3924717903137207,6,2,0,-0.010345593094825745
62,8,place_in_slider,4,5.248815059661865,-1.2036995887756348,6,6,0,-0.4119996130466461
63,8,turn_on_lightbulb,0,2.944453477859497,-0.00488734245300293,2,1,1,0.0536532998085022
63,8,turn_on_lightbulb,1,4.510489463806152,-0.5762250423431396,2,2,0,-0.005678087472915649
63,8,turn_on_lightbulb,2,3.2432804107666016,-0.048319339752197266,2,1,1,0.042953819036483765
63,8,turn_on_lightbulb,4,3.5807151794433594,-0.6988210678100586,4,2,0,-0.0718013346195221
64,8,lift_red_block_table,0,5.369742393493652,-0.8365426063537598,3,5,0,-0.16005876660346985
64,8,lift_red_block_table,1,3.9434170722961426,0.20561885833740234,1,1,1,0.12903854250907898
64,8,lift_red_block_table,2,2.9586668014526367,0.0713343620300293,1,1,1,0.11906525492668152
64,8,lift_red_block_table,4,3.4390902519226074,-0.1812136173248291,2,1,1,0.03622996807098389
65,8,place_in_slider,0,7.088372707366943,-2.9377760887145996,6,6,0,-0.5582032203674316
65,8,place_in_slider,1,3.5028624534606934,0.5348849296569824,1,1,1,0.16283661127090454
65,8,place_in_slider,2,3.442166805267334,-0.054010629653930664,2,1,1,0.2081378996372223
65,8,place_in_slider,4,5.3354268074035645,-1.6541690826416016,6,6,0,-0.4288315773010254
66,8,lift_blue_block_slider,0,4.29495906829834,-1.883793592453003,5,3,0,-0.17693689465522766
66,8,lift_blue_block_slider,1,4.254018306732178,-0.38941001892089844,2,4,0,-0.0768292248249054
66,8,lift_blue_block_slider,2,2.511971950531006,0.6161389350891113,1,1,1,0.09514865279197693
66,8,lift_blue_block_slider,4,2.886904239654541,0.7749567031860352,1,1,1,0.11596858501434326
67,8,turn_on_lightbulb,0,5.718518257141113,-0.6924161911010742,4,5,0,-0.2007039338350296
67,8,turn_on_lightbulb,1,4.429734230041504,-0.06294631958007812,2,1,1,0.02708008885383606
67,8,turn_on_lightbulb,2,3.384075164794922,0.06520843505859375,1,1,1,0.12201172113418579
67,8,turn_on_lightbulb,4,3.4314396381378174,0.14020872116088867,1,1,1,0.0529240220785141
68,8,place_in_slider,0,4.3917765617370605,-0.8245277404785156,5,5,0,-0.29305773973464966
68,8,place_in_slider,1,3.069176197052002,-0.29521989822387695,2,2,0,-0.14591467380523682
68,8,place_in_slider,2,3.9313552379608154,-0.17200660705566406,3,1,1,0.07382655143737793
68,8,place_in_slider,4,4.863423824310303,-1.2185659408569336,6,6,0,-0.37420862913131714
69,14,place_in_slider,0,7.338332176208496,-4.194903373718262,6,6,0,-0.9830480217933655
69,14,place_in_slider,1,3.393994092941284,-0.07018542289733887,3,1,1,0.022604063153266907
69,14,place_in_slider,2,2.818202018737793,0.23996424674987793,1,1,1,0.23469364643096924
69,14,place_in_slider,4,4.5370588302612305,-0.5585012435913086,4,6,0,-0.3559473752975464
70,14,turn_off_lightbulb,0,7.028725624084473,-0.3700752258300781,3,4,0,-0.1547810435295105
70,14,turn_off_lightbulb,1,4.0094404220581055,0.03597831726074219,1,3,0,-0.16229867935180664
70,14,turn_off_lightbulb,2,3.8450019359588623,-0.2813906669616699,2,2,0,-0.16496717929840088
70,14,turn_off_lightbulb,4,3.2974255084991455,0.5603587627410889,1,3,0,-0.042631685733795166
71,14,turn_on_lightbulb,0,5.1235761642456055,-2.3862016201019287,4,4,0,-0.2326313704252243
71,14,turn_on_lightbulb,1,4.702989101409912,-0.04983949661254883,2,3,0,-0.0904468297958374
71,14,turn_on_lightbulb,2,3.272829532623291,0.03880143165588379,1,1,1,0.04937213659286499
71,14,turn_on_lightbulb,4,3.8205628395080566,-0.1942424774169922,2,4,0,-0.07193222641944885
72,14,place_in_slider,0,8.314455032348633,-4.961430549621582,6,6,0,-0.7086503505706787
72,14,place_in_slider,1,4.296676158905029,-0.7409446239471436,5,2,0,-0.04300394654273987
72,14,place_in_slider,2,3.0169637203216553,0.7244329452514648,1,1,1,0.2072228193283081
72,14,place_in_slider,4,4.316829204559326,-0.4094552993774414,4,6,0,-0.2935400605201721
73,14,lift_red_block_table,0,4.046511650085449,-0.8851344585418701,4,2,0,-0.014804646372795105
73,14,lift_red_block_table,1,3.3909716606140137,-0.45603156089782715,4,4,0,-0.10535429418087006
73,14,lift_red_block_table,2,3.7871506214141846,-0.4782898426055908,4,1,1,0.008450880646705627
73,14,lift_red_block_table,4,4.266664028167725,-0.2163681983947754,3,1,1,0.016233712434768677
74,14,place_in_slider,0,3.7337214946746826,-0.6337995529174805,2,4,0,-0.29245641827583313
74,14,place_in_slider,1,3.889139175415039,-0.12393450736999512,2,1,1,0.20831766724586487
74,14,place_in_slider,2,4.289553642272949,0.03235769271850586,1,4,0,-0.08943185210227966
74,14,place_in_slider,4,5.123807430267334,-1.4369230270385742,6,6,0,-0.45732632279396057
75,14,turn_on_lightbulb,0,3.260097026824951,-0.49393177032470703,2,2,0,-0.28258416056632996
75,14,turn_on_lightbulb,1,4.441719055175781,-0.05393505096435547,3,3,0,-0.04341772198677063
75,14,turn_on_lightbulb,2,3.1226632595062256,0.1372973918914795,1,1,1,0.0014485418796539307
75,14,turn_on_lightbulb,4,2.5857834815979004,0.3258826732635498,1,2,0,-0.01877009868621826
76,14,place_in_slider,0,7.666363716125488,-4.367656707763672,6,6,0,-0.9879589676856995
76,14,place_in_slider,1,3.529420852661133,0.031111955642700195,1,1,1,0.05533313751220703
76,14,place_in_slider,2,2.6779816150665283,0.24399614334106445,1,1,1,0.33829009532928467
76,14,place_in_slider,4,4.208096504211426,0.034282684326171875,1,6,0,-0.299214631319046
77,14,turn_off_lightbulb,0,7.121671199798584,-0.44824647903442383,3,2,0,-0.047421395778656006
77,14,turn_off_lightbulb,1,4.911602973937988,-0.0722198486328125,2,3,0,-0.0934852659702301
77,14,turn_off_lightbulb,2,4.183659076690674,0.532102108001709,1,2,0,-0.09837120771408081
77,14,turn_off_lightbulb,4,4.244307041168213,-0.24866342544555664,2,2,0,-0.048675745725631714
78,14,place_in_slider,0,6.787293434143066,-2.7653422355651855,6,6,0,-0.650242030620575
78,14,place_in_slider,1,3.2663798332214355,0.24882793426513672,1,1,1,0.11800912022590637
78,14,place_in_slider,2,3.9076476097106934,0.3387579917907715,1,1,1,0.09918996691703796
78,14,place_in_slider,4,5.6129584312438965,-1.6165926456451416,6,6,0,-0.4768080413341522
79,14,push_pink_block_right,0,5.836548805236816,-1.8127918243408203,6,6,0,-0.15346577763557434
79,14,push_pink_block_right,1,4.1273908615112305,-0.9271855354309082,5,5,0,-0.1470322459936142
79,14,push_pink_block_right,2,3.5900871753692627,-0.1631481647491455,3,1,1,0.1444774568080902
79,14,push_pink_block_right,4,4.223344802856445,-0.5779094696044922,3,4,0,-0.03040650486946106
80,14,place_in_slider,0,4.5793585777282715,-0.8752336502075195,3,5,0,-0.3022092580795288
80,14,place_in_slider,1,3.578800678253174,0.42410898208618164,1,1,1,0.17704078555107117
80,14,place_in_slider,2,3.099628210067749,0.7267611026763916,1,1,1,0.3111136853694916
80,14,place_in_slider,4,5.132462501525879,-1.523740530014038,6,6,0,-0.45658472180366516
81,14,turn_off_lightbulb,0,4.386967182159424,-1.9112186431884766,5,3,0,-0.5193148851394653
81,14,turn_off_lightbulb,1,4.788336277008057,-0.028378963470458984,2,1,1,0.006299346685409546
81,14,turn_off_lightbulb,2,2.969738483428955,0.5898609161376953,1,2,0,-0.02778664231300354
81,14,turn_off_lightbulb,4,2.303696870803833,0.864473819732666,1,1,1,0.16396912932395935
82,14,lift_red_block_table,0,4.544235706329346,-0.11815357208251953,2,1,1,0.08085240423679352
82,14,lift_red_block_table,1,3.9933459758758545,-0.0768730640411377,2,1,1,0.12511810660362244
82,14,lift_red_block_table,2,3.5208098888397217,-0.055373430252075195,2,2,0,-0.06444191932678223
82,14,lift_red_block_table,4,3.6783833503723145,-0.058073997497558594,3,1,1,0.021538183093070984
83,14,turn_on_lightbulb,0,6.211001396179199,-1.0272736549377441,5,4,0,-0.16717611253261566
83,14,turn_on_lightbulb,1,5.182598114013672,-0.5092229843139648,4,4,0,-0.05398748815059662
83,14,turn_on_lightbulb,2,3.7822608947753906,0.09111332893371582,1,1,1,0.0004142671823501587
83,14,turn_on_lightbulb,4,3.0165913105010986,0.6997931003570557,1,2,0,-0.08210095763206482
84,14,lift_blue_block_slider,0,4.7167558670043945,-0.3749046325683594,2,3,0,-0.0342128723859787
84,14,lift_blue_block_slider,1,4.7599287033081055,0.24624872207641602,1,4,0,-0.1102408915758133
84,14,lift_blue_block_slider,2,4.796133995056152,-0.6322569847106934,6,4,0,-0.15926316380500793
84,14,lift_blue_block_slider,4,4.335054397583008,-0.05390453338623047,3,2,0,-0.0652351975440979
85,14,place_in_slider,0,3.968532085418701,-0.6866207122802734,5,6,0,-0.5425069332122803
85,14,place_in_slider,1,3.0474159717559814,0.2964904308319092,1,1,1,0.25996196269989014
85,14,place_in_slider,2,3.8786869049072266,0.43962669372558594,1,3,0,-0.03579585254192352
85,14,place_in_slider,4,5.138107776641846,-1.6679177284240723,6,6,0,-0.37982508540153503
86,14,lift_blue_block_slider,0,6.2414140701293945,-0.7232990264892578,4,1,1,0.030377492308616638
86,14,lift_blue_block_slider,1,5.300225734710693,-0.6116452217102051,4,2,0,-0.010668858885765076
86,14,lift_blue_block_slider,2,3.9392032623291016,-0.5044376850128174,4,1,1,0.0852997899055481
86,14,lift_blue_block_slider,4,3.2892651557922363,0.5310461521148682,1,1,1,0.17909330129623413
87,14,lift_red_block_table,0,4.559939384460449,-1.5667996406555176,2,3,0,-0.07639354467391968
87,14,lift_red_block_table,1,4.451854705810547,0.5287103652954102,1,1,1,0.1600242257118225
87,14,lift_red_block_table,2,3.1420273780822754,0.7791996002197266,1,1,1,0.22320102155208588
87,14,lift_red_block_table,4,3.5727295875549316,-0.11691975593566895,2,1,1,0.09871682524681091
88,14,turn_off_lightbulb,0,3.894758701324463,-0.2454698085784912,3,1,1,0.04421529173851013
88,14,turn_off_lightbulb,1,3.035395383834839,0.38146138191223145,1,2,0,-0.054929524660110474
88,14,turn_off_lightbulb,2,3.318490505218506,0.5062580108642578,1,1,1,0.08926686644554138
88,14,turn_off_lightbulb,4,3.267092227935791,0.7102560997009277,1,2,0,-0.00576820969581604
89,14,lift_red_block_table,0,5.867868423461914,-1.2973699569702148,5,2,0,-0.09420318901538849
89,14,lift_red_block_table,1,4.207594871520996,0.12663936614990234,1,1,1,0.012272164225578308
89,14,lift_red_block_table,2,3.2792396545410156,-0.07747268676757812,2,3,0,-0.05406574904918671
89,14,lift_red_block_table,4,3.594935655593872,-0.1572742462158203,2,1,1,0.005943790078163147
90,14,turn_on_lightbulb,0,2.8154287338256836,-1.8721604347229004,2,4,0,-0.6136638522148132
90,14,turn_on_lightbulb,1,4.309162139892578,-0.6694748401641846,5,2,0,-0.0317235141992569
90,14,turn_on_lightbulb,2,3.053839683532715,0.15836739540100098,1,2,0,-0.025595784187316895
90,14,turn_on_lightbulb,4,2.02299165725708,0.8466215133666992,1,3,0,-0.015155479311943054
91,14,place_in_slider,0,8.12667465209961,-5.000903606414795,6,6,0,-0.7947686910629272
91,14,place_in_slider,1,3.7974536418914795,-0.5161821842193604,5,2,0,-0.04913590848445892
91,14,place_in_slider,2,2.805738687515259,0.07758069038391113,1,1,1,0.12094718217849731
91,14,place_in_slider,4,4.062911033630371,0.019569873809814453,1,5,0,-0.2190627157688141
92,14,push_pink_block_right,0,5.997451305389404,-1.998450756072998,6,4,0,-0.25535449385643005
92,14,push_pink_block_right,1,4.722422122955322,-0.6682653427124023,5,4,0,-0.2680615484714508
92,14,push_pink_block_right,2,3.6464266777038574,-0.019982337951660156,2,1,1,0.029057204723358154
92,14,push_pink_block_right,4,4.2940192222595215,-0.35139036178588867,3,3,0,-0.07858860492706299
93,14,turn_on_lightbulb,0,3.3734259605407715,-0.6381034851074219,3,5,0,-0.49359583854675293
93,14,turn_on_lightbulb,1,4.568943977355957,-0.6722331047058105,5,2,0,-0.005111560225486755
93,14,turn_on_lightbulb,2,3.054091691970825,0.19463562965393066,1,1,1,0.02058681845664978
93,14,turn_on_lightbulb,4,2.5902397632598877,0.11583137512207031,1,2,0,-0.0013691186904907227
94,14,lift_red_block_table,0,5.003233909606934,-0.5472011566162109,4,2,0,-0.019535735249519348
94,14,lift_red_block_table,1,3.7347865104675293,0.12758493423461914,1,1,1,0.11881838738918304
94,14,lift_red_block_table,2,2.8847146034240723,0.22044682502746582,1,1,1,0.11198799312114716
94,14,lift_red_block_table,4,3.2700564861297607,0.08050704002380371,1,1,1,0.10562585294246674
95,14,place_in_slider,0,3.8557651042938232,-0.12065005302429199,2,3,0,-0.06435535848140717
95,14,place_in_slider,1,2.880042791366577,0.7001433372497559,1,1,1,0.22302865982055664
95,14,place_in_slider,2,3.696326494216919,0.5206172466278076,1,1,1,0.33507004380226135
95,14,place_in_slider,4,5.565846920013428,-1.7242071628570557,6,6,0,-0.5186628103256226
96,14,turn_off_lightbulb,0,4.790989875793457,-1.187108039855957,2,3,0,-0.054333120584487915
96,14,turn_off_lightbulb,1,3.4105300903320312,-0.016182422637939453,2,2,0,-0.06341838836669922
96,14,turn_off_lightbulb,2,2.694603443145752,0.8936648368835449,1,2,0,-0.08462095260620117
96,14,turn_off_lightbulb,4,2.090022563934326,0.8394069671630859,1,2,0,-0.004831969738006592
97,14,lift_red_block_table,0,4.137847423553467,-2.214557409286499,6,4,0,-0.3000142276287079
97,14,lift_red_block_table,1,4.041881084442139,-0.7186129093170166,6,5,0,-0.16316068172454834
97,14,lift_red_block_table,2,3.936525821685791,0.3514595031738281,1,1,1,0.08154430985450745
97,14,lift_red_block_table,4,3.631563186645508,-0.033736467361450195,3,1,1,0.11729070544242859
98,14,place_in_slider,0,3.4737319946289062,-0.3400852680206299,3,4,0,-0.1388455033302307
98,14,place_in_slider,1,3.0931687355041504,0.0745856761932373,1,1,1,0.02670466899871826
98,14,place_in_slider,2,3.9754605293273926,0.4446096420288086,1,4,0,-0.07204902172088623
98,14,place_in_slider,4,4.873320579528809,-1.3904168605804443,6,6,0,-0.43061864376068115
99,14,lift_blue_block_slider,0,5.191400527954102,-2.321955442428589,6,5,0,-0.5510611534118652
99,14,lift_blue_block_slider,1,4.658417224884033,-0.7555897235870361,5,5,0,-0.06615075469017029
99,14,lift_blue_block_slider,2,3.026496410369873,0.4970242977142334,1,1,1,0.09327530860900879
99,14,lift_blue_block_slider,4,3.0750341415405273,0.37543249130249023,1,1,1,0.15221264958381653
100,14,lift_red_block_table,0,3.4944186210632324,0.4984006881713867,1,1,1,0.052255779504776
100,14,lift_red_block_table,1,4.970200538635254,-0.14141273498535156,2,1,1,0.026606515049934387
100,14,lift_red_block_table,2,3.621523380279541,-0.009995698928833008,2,2,0,-0.03646516799926758
100,14,lift_red_block_table,4,3.386056423187256,0.008189201354980469,1,1,1,0.06850853562355042
101,24,lift_red_block_table,0,4.022956371307373,-1.9410936832427979,4,6,0,-0.439253568649292
101,24,lift_red_block_table,1,4.290947914123535,-0.37574052810668945,2,4,0,-0.061720386147499084
101,24,lift_red_block_table,2,3.2827441692352295,0.562516450881958,1,1,1,0.04765582084655762
101,24,lift_red_block_table,4,3.318887710571289,-0.13988256454467773,2,1,1,0.046251773834228516
102,24,place_in_slider,0,8.009683609008789,-4.90370512008667,6,6,0,-0.8651716709136963
102,24,place_in_slider,1,3.932238817214966,-1.1874639987945557,3,2,0,-0.10216113924980164
102,24,place_in_slider,2,3.010632276535034,0.7431774139404297,1,1,1,0.19403743743896484
102,24,place_in_slider,4,3.9884228706359863,0.017087936401367188,1,6,0,-0.2508293390274048
103,24,turn_off_lightbulb,0,5.802889823913574,-1.1417427062988281,3,1,1,0.009938985109329224
103,24,turn_off_lightbulb,1,3.9541289806365967,-0.01650238037109375,2,2,0,-0.08919738233089447
103,24,turn_off_lightbulb,2,3.5056209564208984,0.7281575202941895,1,2,0,-0.07858502864837646
103,24,turn_off_lightbulb,4,3.076730251312256,1.222726821899414,1,3,0,-0.014705687761306763
104,24,lift_red_block_table,0,5.436095237731934,0.8536128997802734,1,1,1,0.14115700125694275
104,24,lift_red_block_table,1,4.2285566329956055,0.8211069107055664,1,1,1,0.13915830850601196
104,24,lift_red_block_table,2,3.8743560314178467,0.11971354484558105,1,1,1,0.06188857555389404
104,24,lift_red_block_table,4,3.9559147357940674,-0.06041455268859863,3,3,0,-0.09540234506130219
105,24,turn_on_lightbulb,0,6.825935363769531,-0.28110218048095703,4,5,0,-0.2125629484653473
105,24,turn_on_lightbulb,1,3.9968464374542236,0.15015292167663574,1,2,0,-0.018176525831222534
105,24,turn_on_lightbulb,2,3.2714169025421143,0.308347225189209,1,1,1,0.11102207005023956
105,24,turn_on_lightbulb,4,3.3780109882354736,0.2711665630340576,1,2,0,-0.042328327894210815
106,24,lift_blue_block_slider,0,5.792832374572754,-1.3942022323608398,4,5,0,-0.08009457588195801
106,24,lift_blue_block_slider,1,4.059542655944824,0.04957389831542969,1,2,0,-0.09106916189193726
106,24,lift_blue_block_slider,2,3.037424325942993,0.22014284133911133,1,1,1,0.12488210201263428
106,24,lift_blue_block_slider,4,3.013214349746704,1.0197298526763916,1,1,1,0.0019563138484954834
107,24,place_in_slider,0,5.239838600158691,-0.8924169540405273,5,3,0,-0.010869994759559631
107,24,place_in_slider,1,3.9946625232696533,0.11596274375915527,1,1,1,0.10151112079620361
107,24,place_in_slider,2,3.0853469371795654,0.5209324359893799,1,1,1,0.12206527590751648
107,24,place_in_slider,4,4.529790878295898,-0.5627970695495605,6,6,0,-0.2239822894334793
108,24,push_pink_block_right,0,6.020946025848389,-0.9557523727416992,3,3,0,-0.0274713933467865
108,24,push_pink_block_right,1,5.660244941711426,-0.9122428894042969,6,3,0,-0.05742770433425903
108,24,push_pink_block_right,2,4.749988079071045,-0.7485857009887695,5,3,0,-0.09454715251922607
108,24,push_pink_block_right,4,2.9445548057556152,0.8708679676055908,1,1,1,0.16267164051532745
109,24,turn_on_lightbulb,0,5.125268936157227,-2.02384614944458,6,5,0,-0.21236486732959747
109,24,turn_on_lightbulb,1,4.6541266441345215,-0.35894060134887695,3,1,1,0.023202523589134216
109,24,turn_on_lightbulb,2,3.1639742851257324,0.09813117980957031,1,1,1,0.0517459362745285
109,24,turn_on_lightbulb,4,2.339465618133545,0.9617009162902832,1,3,0,-0.1595565676689148
110,24,turn_off_lightbulb,0,4.654702663421631,-2.0117790699005127,5,3,0,-0.4309367835521698
110,24,turn_off_lightbulb,1,4.867831707000732,-0.019363880157470703,2,1,1,0.020564556121826172
110,24,turn_off_lightbulb,2,3.0756726264953613,0.4955301284790039,1,1,1,0.00812956690788269
110,24,turn_off_lightbulb,4,2.8678383827209473,0.05331563949584961,1,1,1,0.17489472031593323
111,24,turn_on_lightbulb,0,5.292365074157715,-1.7155213356018066,6,3,0,-0.23863130807876587
111,24,turn_on_lightbulb,1,4.8812336921691895,-0.3265523910522461,4,1,1,0.022568896412849426
111,24,turn_on_lightbulb,2,3.4334092140197754,0.3193659782409668,1,1,1,0.08108973503112793
111,24,turn_on_lightbulb,4,3.1574394702911377,0.33327174186706543,1,1,1,0.025358736515045166
112,24,turn_off_lightbulb,0,7.655782222747803,-0.7697148323059082,3,2,0,-0.03835424780845642
112,24,turn_off_lightbulb,1,4.310686111450195,0.25388431549072266,1,2,0,-0.11871254444122314
112,24,turn_off_lightbulb,2,3.390023708343506,0.5248119831085205,1,2,0,-0.054406434297561646
112,24,turn_off_lightbulb,4,3.292482376098633,1.1151657104492188,1,2,0,-0.046354830265045166
113,24,push_pink_block_right,0,8.749557495117188,-1.392092227935791,6,6,0,-0.12928664684295654
113,24,push_pink_block_right,1,6.591986179351807,-0.9273653030395508,6,5,0,-0.18450115621089935
113,24,push_pink_block_right,2,5.476933479309082,-0.8303818702697754,5,5,0,-0.4298646152019501
113,24,push_pink_block_right,4,4.378991603851318,0.21138238906860352,1,2,0,-0.026135683059692383
114,24,turn_on_lightbulb,0,6.5625176429748535,-0.00867462158203125,2,1,1,0.0825621634721756
114,24,turn_on_lightbulb,1,5.243561744689941,-0.21178865432739258,2,1,1,0.12690186500549316
114,24,turn_on_lightbulb,2,4.569360256195068,0.13863182067871094,1,1,1,0.09680411219596863
114,24,turn_on_lightbulb,4,3.947993755340576,-0.1476287841796875,2,1,1,0.16289633512496948
115,24,lift_red_block_table,0,5.6990485191345215,-1.1612539291381836,3,1,1,0.02789977192878723
115,24,lift_red_block_table,1,3.946772336959839,0.11565566062927246,1,1,1,0.07296636700630188
115,24,lift_red_block_table,2,3.2513134479522705,-0.05671882629394531,2,3,0,-0.11476926505565643
115,24,lift_red_block_table,4,4.3764824867248535,-0.5590314865112305,4,1,1,0.034176960587501526
116,24,place_in_slider,0,7.493298530578613,-4.0931477546691895,6,6,0,-0.7613303661346436
116,24,place_in_slider,1,3.9733734130859375,-0.5498001575469971,6,6,0,-0.26031509041786194
116,24,place_in_slider,2,3.099392890930176,0.1644883155822754,1,1,1,0.17128661274909973
116,24,place_in_slider,4,4.112773895263672,0.0058383941650390625,1,3,0,-0.1299000382423401
117,24,turn_off_lightbulb,0,4.497951984405518,-0.9922451972961426,4,3,0,-0.04557532072067261
117,24,turn_off_lightbulb,1,4.362052917480469,0.18465566635131836,1,1,1,0.03233596682548523
117,24,turn_off_lightbulb,2,2.6101527214050293,0.8185670375823975,1,1,1,0.047471851110458374
117,24,turn_off_lightbulb,4,2.8049628734588623,0.17549514770507812,1,1,1,0.15597206354141235
118,24,turn_on_lightbulb,0,4.432672023773193,-1.9499387741088867,5,6,0,-0.3171723783016205
118,24,turn_on_lightbulb,1,4.441740989685059,-0.3818821907043457,2,2,0,-0.012389034032821655
118,24,turn_on_lightbulb,2,3.0345778465270996,0.2940831184387207,1,1,1,0.031224429607391357
118,24,turn_on_lightbulb,4,2.4651618003845215,0.86503005027771,1,2,0,-0.15842141211032867
119,24,push_pink_block_right,0,5.671646595001221,-1.7400200366973877,6,6,0,-0.14966361224651337
119,24,push_pink_block_right,1,4.609867095947266,-0.8300323486328125,5,3,0,-0.11281976103782654
119,24,push_pink_block_right,2,3.5459144115448,0.222703218460083,1,1,1,0.0032254457473754883
119,24,push_pink_block_right,4,4.579886436462402,-0.15589332580566406,3,6,0,-0.08969342708587646
120,24,lift_red_block_table,0,6.447756290435791,-1.0615549087524414,4,5,0,-0.20212435722351074
120,24,lift_red_block_table,1,4.858803749084473,0.2654147148132324,1,1,1,0.12267428636550903
120,24,lift_red_block_table,2,3.1663777828216553,0.028112173080444336,1,1,1,0.1118348240852356
120,24,lift_red_block_table,4,3.352355480194092,-0.10662412643432617,2,1,1,0.05117952823638916
121,24,place_in_slider,0,8.173297882080078,-4.985077381134033,6,6,0,-0.8719238042831421
121,24,place_in_slider,1,4.521956443786621,-0.5563192367553711,5,2,0,-0.0403100848197937
121,24,place_in_slider,2,3.1123886108398438,0.24390029907226562,1,1,1,0.21863429248332977
121,24,place_in_slider,4,4.469618320465088,-0.5324535369873047,4,6,0,-0.36084994673728943
122,24,turn_on_lightbulb,0,5.935525417327881,0.004368305206298828,1,2,0,-0.12854847311973572
122,24,turn_on_lightbulb,1,4.131424903869629,0.09867143630981445,1,1,1,0.10020740330219269
122,24,turn_on_lightbulb,2,3.4727730751037598,0.3069441318511963,1,1,1,0.16005723178386688
122,24,turn_on_lightbulb,4,3.9697957038879395,-0.02314615249633789,3,2,0,-0.0057840049266815186
123,24,push_pink_block_right,0,9.492734909057617,-1.5434131622314453,4,5,0,-0.311526358127594
123,24,push_pink_block_right,1,7.3985795974731445,-1.4962549209594727,5,3,0,-0.2693321108818054
123,24,push_pink_block_right,2,4.945284843444824,-1.306027889251709,5,2,0,-0.22379499673843384
123,24,push_pink_block_right,4,3.6672816276550293,0.012211322784423828,1,4,0,-0.20872896909713745
124,24,place_in_slider,0,4.472939968109131,-0.5055656433105469,2,2,0,-0.042932599782943726
124,24,place_in_slider,1,3.2397403717041016,1.3312277793884277,1,1,1,0.39295876026153564
124,24,place_in_slider,2,3.91736102104187,0.3287780284881592,1,1,1,0.40612658858299255
124,24,place_in_slider,4,5.556248664855957,-1.8469712734222412,6,6,0,-0.4669642448425293
125,24,lift_blue_block_slider,0,7.258196830749512,-0.5648908615112305,4,6,0,-0.37383484840393066
125,24,lift_blue_block_slider,1,5.176146984100342,-0.4754962921142578,2,5,0,-0.2721591591835022
125,24,lift_blue_block_slider,2,4.15923547744751,0.13129281997680664,1,1,1,0.16497111320495605
125,24,lift_blue_block_slider,4,4.723846435546875,-0.3249979019165039,2,2,0,-0.0892629325389862
126,24,place_in_slider,0,5.267475128173828,-0.44388866424560547,4,5,0,-0.23021847009658813
126,24,place_in_slider,1,3.8086509704589844,0.1828017234802246,1,3,0,-0.09339277446269989
126,24,place_in_slider,2,3.9896323680877686,0.57033371925354,1,1,1,0.20091453194618225
126,24,place_in_slider,4,5.901728630065918,-1.6177306175231934,6,6,0,-0.6143431663513184
127,24,turn_off_lightbulb,0,8.021340370178223,-0.9052934646606445,6,5,0,-0.1498406082391739
127,24,turn_off_lightbulb,1,6.071084022521973,-0.17613983154296875,4,5,0,-0.14552587270736694
127,24,turn_off_lightbulb,2,4.432539463043213,0.35033369064331055,1,3,0,-0.030821874737739563
127,24,turn_off_lightbulb,4,4.6793012619018555,-0.3470888137817383,4,2,0,-0.01432238519191742
128,24,place_in_slider,0,4.339313507080078,-0.291257381439209,4,5,0,-0.104143425822258
128,24,place_in_slider,1,3.2390174865722656,1.0044527053833008,1,1,1,0.19109243154525757
128,24,place_in_slider,2,3.798842191696167,0.33199238777160645,1,1,1,0.2500365376472473
128,24,place_in_slider,4,5.302177906036377,-1.7314348220825195,6,6,0,-0.45589274168014526
129,24,lift_blue_block_slider,0,5.507513999938965,-1.1794500350952148,5,6,0,-0.1042165607213974
129,24,lift_blue_block_slider,1,4.005432605743408,-0.5482826232910156,4,5,0,-0.11900203675031662
129,24,lift_blue_block_slider,2,2.9847497940063477,0.6271376609802246,1,1,1,0.17449671030044556
129,24,lift_blue_block_slider,4,3.2230277061462402,0.8876357078552246,1,1,1,0.006176024675369263
130,24,turn_on_lightbulb,0,5.320448875427246,-1.8834123611450195,5,5,0,-0.16167715191841125
130,24,turn_on_lightbulb,1,4.632805347442627,-1.5248117446899414,6,4,0,-0.10058329999446869
130,24,turn_on_lightbulb,2,4.381356239318848,-0.6878049373626709,3,2,0,-0.004772409796714783
130,24,turn_on_lightbulb,4,3.8201324939727783,-0.20278024673461914,3,2,0,-0.0014190673828125
131,24,lift_red_block_table,0,3.6641974449157715,0.5263552665710449,1,1,1,0.15488556027412415
131,24,lift_red_block_table,1,4.865030765533447,-0.06936502456665039,3,1,1,0.07020027935504913
131,24,lift_red_block_table,2,3.416682720184326,0.03205418586730957,1,1,1,0.0020298510789871216
131,24,lift_red_block_table,4,3.040555477142334,0.1653764247894287,1,1,1,0.064041867852211
132,24,turn_off_lightbulb,0,3.8041388988494873,0.3020040988922119,1,2,0,-0.09352144598960876
132,24,turn_off_lightbulb,1,3.414294719696045,0.16969966888427734,1,1,1,0.03109586238861084
132,24,turn_off_lightbulb,2,3.00260066986084,0.48772096633911133,1,1,1,0.0018508434295654297
132,24,turn_off_lightbulb,4,2.35724139213562,0.3571314811706543,1,1,1,0.09022748470306396
133,26,turn_on_lightbulb,0,6.117924213409424,-0.8483872413635254,3,5,0,-0.17421020567417145
133,26,turn_on_lightbulb,1,3.8563220500946045,-0.16494107246398926,2,3,0,-0.06799176335334778
133,26,turn_on_lightbulb,2,3.2705178260803223,0.17659664154052734,1,1,1,0.014036864042282104
133,26,turn_on_lightbulb,4,4.011270999908447,-0.11686873435974121,3,3,0,-0.023292258381843567
134,26,place_in_slider,0,3.8972549438476562,-0.3382682800292969,3,4,0,-0.11003339290618896
134,26,place_in_slider,1,3.0724129676818848,1.0701627731323242,1,1,1,0.27542439103126526
134,26,place_in_slider,2,3.662846088409424,0.014693021774291992,1,1,1,0.3238644003868103
134,26,place_in_slider,4,5.191716194152832,-1.6718428134918213,6,6,0,-0.3569892644882202
135,26,lift_red_block_table,0,6.490538120269775,0.026194095611572266,1,1,1,0.04297724366188049
135,26,lift_red_block_table,1,5.832258701324463,-0.04329681396484375,2,1,1,0.053957194089889526
135,26,lift_red_block_table,2,5.1522369384765625,-0.548130989074707,2,4,0,-0.14252234995365143
135,26,lift_red_block_table,4,4.799064636230469,-1.0540459156036377,3,1,1,0.008848756551742554
136,26,lift_blue_block_slider,0,6.643811225891113,-0.4732346534729004,5,2,0,-0.06392902135848999
136,26,lift_blue_block_slider,1,5.776485919952393,-0.5059161186218262,4,2,0,-0.09092214703559875
136,26,lift_blue_block_slider,2,4.512568473815918,-0.39333581924438477,3,1,1,0.058592215180397034
136,26,lift_blue_block_slider,4,3.524925708770752,0.6027336120605469,1,1,1,0.15779507160186768
137,26,turn_on_lightbulb,0,4.348634243011475,-0.2225489616394043,2,3,0,-0.09393370151519775
137,26,turn_on_lightbulb,1,4.042303562164307,-0.5049188137054443,2,2,0,-0.11106351017951965
137,26,turn_on_lightbulb,2,4.114831447601318,-0.6747305393218994,5,2,0,-0.19759425520896912
137,26,turn_on_lightbulb,4,3.894486904144287,0.09758353233337402,1,2,0,-0.12407881021499634
138,26,place_in_slider,0,3.68249773979187,-0.34390830993652344,2,5,0,-0.22236233949661255
138,26,place_in_slider,1,3.5080909729003906,-0.16748857498168945,2,1,1,0.03846713900566101
138,26,place_in_slider,2,4.21061897277832,-0.44605445861816406,5,2,0,-0.062007367610931396
138,26,place_in_slider,4,5.332762718200684,-1.5025091171264648,6,6,0,-0.44277557730674744
139,26,turn_off_lightbulb,0,6.536705017089844,-0.9989986419677734,5,4,0,-0.18431304395198822
139,26,turn_off_lightbulb,1,4.440582275390625,-0.015233039855957031,2,2,0,-0.08738406002521515
139,26,turn_off_lightbulb,2,3.7416625022888184,-0.06603765487670898,2,2,0,-0.11183786392211914
139,26,turn_off_lightbulb,4,3.334242343902588,-0.03684854507446289,2,3,0,-0.08674122393131256
140,26,lift_blue_block_slider,0,7.5436859130859375,-0.25359487533569336,3,2,0,-0.1099759042263031
140,26,lift_blue_block_slider,1,5.3272857666015625,-0.42033910751342773,2,2,0,-0.24296331405639648
140,26,lift_blue_block_slider,2,4.043322563171387,-0.12248706817626953,2,2,0,-0.06874951720237732
140,26,lift_blue_block_slider,4,3.8014140129089355,0.531278133392334,1,2,0,-0.06377485394477844
141,26,turn_on_lightbulb,0,6.643922328948975,0.03022909164428711,1,2,0,-0.06316660344600677
141,26,turn_on_lightbulb,1,3.6238315105438232,0.08242583274841309,1,1,1,0.16837897896766663
141,26,turn_on_lightbulb,2,3.2724056243896484,0.19100570678710938,1,1,1,0.20207911729812622
141,26,turn_on_lightbulb,4,4.255311012268066,-0.7307226657867432,6,2,0,-0.03696607053279877
142,26,lift_blue_block_slider,0,7.110013484954834,0.025682926177978516,1,2,0,-0.19170498847961426
142,26,lift_blue_block_slider,1,5.004790306091309,0.31668853759765625,1,2,0,-0.1367638111114502
142,26,lift_blue_block_slider,2,4.11697244644165,0.6371588706970215,1,3,0,-0.06706571578979492
142,26,lift_blue_block_slider,4,4.091350078582764,0.489285945892334,1,4,0,-0.16006781160831451
143,26,push_pink_block_right,0,5.613234043121338,-1.518505573272705,6,4,0,-0.11315023899078369
143,26,push_pink_block_right,1,4.030178546905518,-0.4645700454711914,3,1,1,0.038893431425094604
143,26,push_pink_block_right,2,3.0330047607421875,0.5403220653533936,1,1,1,0.03030860424041748
143,26,push_pink_block_right,4,3.117276906967163,0.11475276947021484,1,1,1,0.18921154737472534
144,26,place_in_slider,0,5.316792011260986,-1.441305160522461,6,6,0,-0.6284373998641968
144,26,place_in_slider,1,2.704587459564209,0.22221112251281738,1,1,1,0.038437336683273315
144,26,place_in_slider,2,3.5714735984802246,0.7252655029296875,1,1,1,0.1853387951850891
144,26,place_in_slider,4,5.764806270599365,-2.432065486907959,6,6,0,-0.5553203821182251
145,26,turn_off_lightbulb,0,5.6085615158081055,-0.8165702819824219,3,3,0,-0.2347385138273239
145,26,turn_off_lightbulb,1,4.344976425170898,0.08609962463378906,1,2,0,-0.0406833291053772
145,26,turn_off_lightbulb,2,2.84800124168396,0.6137111186981201,1,2,0,-0.05414462089538574
145,26,turn_off_lightbulb,4,2.0970664024353027,0.8496723175048828,1,1,1,0.11615356802940369
146,26,lift_blue_block_slider,0,5.5742034912109375,-0.8465518951416016,2,2,0,-0.07445693016052246
146,26,lift_blue_block_slider,1,4.180203914642334,-0.41353440284729004,2,2,0,-0.17913123965263367
146,26,lift_blue_block_slider,2,2.94099497795105,0.444077730178833,1,1,1,0.09521836042404175
146,26,lift_blue_block_slider,4,3.284771680831909,0.6493465900421143,1,1,1,0.02889499068260193
147,26,turn_on_lightbulb,0,4.7382965087890625,-1.1850955486297607,3,5,0,-0.5086483955383301
147,26,turn_on_lightbulb,1,4.73451042175293,-0.718742847442627,5,6,0,-0.1587904840707779
147,26,turn_on_lightbulb,2,4.541161060333252,-1.0650300979614258,4,4,0,-0.14795039594173431
147,26,turn_on_lightbulb,4,3.2920517921447754,0.10227274894714355,1,4,0,-0.06504493951797485
148,26,place_in_slider,0,3.769855499267578,-0.87056565284729,5,6,0,-0.6023785471916199
148,26,place_in_slider,1,2.430293083190918,0.2036445140838623,1,1,1,0.2969975769519806
148,26,place_in_slider,2,3.7575793266296387,0.13882875442504883,1,1,1,0.29688236117362976
148,26,place_in_slider,4,5.40592098236084,-2.262808322906494,6,6,0,-0.573426365852356
149,26,turn_off_lightbulb,0,6.7572479248046875,-1.0575652122497559,5,5,0,-0.16875740885734558
149,26,turn_off_lightbulb,1,5.564443111419678,-0.23448848724365234,2,2,0,-0.02860543131828308
149,26,turn_off_lightbulb,2,3.9570231437683105,0.07319211959838867,1,3,0,-0.04435567557811737
149,26,turn_off_lightbulb,4,3.8796849250793457,-0.0235135555267334,3,4,0,-0.04443362355232239
150,30,place_in_slider,0,7.9878740310668945,-4.948190689086914,6,6,0,-0.7108923196792603
150,30,place_in_slider,1,3.6196694374084473,-0.24070334434509277,5,1,1,0.025728508830070496
150,30,place_in_slider,2,3.145113229751587,-0.08555936813354492,2,1,1,0.18465930223464966
150,30,place_in_slider,4,4.054238796234131,0.29547834396362305,1,5,0,-0.15546149015426636
151,30,push_pink_block_right,0,5.497952461242676,-2.139317512512207,5,5,0,-0.17757517099380493
151,30,push_pink_block_right,1,4.559689521789551,-0.6498486995697021,5,5,0,-0.15829148888587952
151,30,push_pink_block_right,2,3.3760483264923096,0.19156765937805176,1,1,1,0.06141383945941925
151,30,push_pink_block_right,4,3.42201566696167,0.0049741268157958984,1,2,0,-0.005409836769104004
152,30,place_in_slider,0,7.452159881591797,-4.3260064125061035,6,6,0,-0.6849861145019531
152,30,place_in_slider,1,3.6610267162323,-0.04648423194885254,2,1,1,0.21912652254104614
152,30,place_in_slider,2,3.007216691970825,0.0668184757232666,1,1,1,0.46198147535324097
152,30,place_in_slider,4,5.393952369689941,-0.7999162673950195,5,6,0,-0.4315258860588074
153,30,lift_blue_block_slider,0,5.429236888885498,-0.9407587051391602,5,5,0,-0.10219970345497131
153,30,lift_blue_block_slider,1,3.882188081741333,-0.43523335456848145,4,4,0,-0.12643849849700928
153,30,lift_blue_block_slider,2,2.801466941833496,0.3694465160369873,1,1,1,0.06694218516349792
153,30,lift_blue_block_slider,4,3.0245039463043213,0.3149278163909912,1,1,1,0.04542058706283569
154,30,lift_red_block_table,0,4.056159019470215,0.5672974586486816,1,2,0,-0.003097742795944214
154,30,lift_red_block_table,1,3.4871718883514404,0.4871857166290283,1,1,1,0.004592597484588623
154,30,lift_red_block_table,2,3.7702763080596924,0.07671093940734863,1,2,0,-0.05784843862056732
154,30,lift_red_block_table,4,3.9384467601776123,-0.5102019309997559,5,4,0,-0.1652826964855194
155,30,place_in_slider,0,7.928703308105469,-4.555762767791748,6,6,0,-0.5045625567436218
155,30,place_in_slider,1,3.7924442291259766,-0.3497631549835205,3,1,1,0.3009129762649536
155,30,place_in_slider,2,3.4001705646514893,0.2976717948913574,1,1,1,0.38782569766044617
155,30,place_in_slider,4,5.286795616149902,-1.1300544738769531,5,6,0,-0.38041675090789795
156,30,push_pink_block_right,0,7.640832424163818,0.19306564331054688,1,3,0,-0.08378347754478455
156,30,push_pink_block_right,1,5.501692295074463,0.46959733963012695,1,1,1,0.08489558100700378
156,30,push_pink_block_right,2,5.155721664428711,0.10142993927001953,1,2,0,-0.08410525321960449
156,30,push_pink_block_right,4,5.512185096740723,-0.4113001823425293,4,1,1,0.0800129771232605
157,30,turn_on_lightbulb,0,6.361536979675293,-3.384726047515869,6,5,0,-0.21412676572799683
157,30,turn_on_lightbulb,1,5.0588788986206055,-1.28434419631958,6,2,0,-0.06689481437206268
157,30,turn_on_lightbulb,2,3.203113555908203,0.1494293212890625,1,1,1,0.0107479989528656
157,30,turn_on_lightbulb,4,3.0058326721191406,0.2607765197753906,1,2,0,-0.005379080772399902
158,30,turn_off_lightbulb,0,4.740862846374512,-0.932093620300293,3,2,0,-0.12574338912963867
158,30,turn_off_lightbulb,1,3.5875754356384277,-0.18411707878112793,3,3,0,-0.10236716270446777
158,30,turn_off_lightbulb,2,2.6002306938171387,1.0647506713867188,1,2,0,-0.10049349069595337
158,30,turn_off_lightbulb,4,2.3396830558776855,1.3032238483428955,1,1,1,0.021455690264701843
159,30,lift_blue_block_slider,0,6.308143615722656,-0.7386198043823242,5,5,0,-0.09300212562084198
159,30,lift_blue_block_slider,1,4.2012834548950195,0.30432939529418945,1,2,0,-0.06160396337509155
159,30,lift_blue_block_slider,2,2.74843430519104,1.0539631843566895,1,1,1,0.2968643307685852
159,30,lift_blue_block_slider,4,3.056088447570801,1.2450594902038574,1,2,0,-0.04531097412109375
160,30,turn_off_lightbulb,0,5.10245943069458,-0.21459722518920898,4,2,0,-0.1691521555185318
160,30,turn_off_lightbulb,1,4.094862461090088,-0.05872678756713867,2,2,0,-0.057534053921699524
160,30,turn_off_lightbulb,2,3.621267795562744,-0.013292074203491211,2,2,0,-0.043861210346221924
160,30,turn_off_lightbulb,4,3.4123921394348145,0.7792997360229492,1,3,0,-0.022185951471328735
161,30,lift_blue_block_slider,0,7.656584739685059,-0.40053701400756836,3,3,0,-0.09562167525291443
161,30,lift_blue_block_slider,1,5.467940330505371,-0.32151222229003906,4,3,0,-0.08710949122905731
161,30,lift_blue_block_slider,2,4.159218788146973,0.17026233673095703,1,1,1,0.04127660393714905
161,30,lift_blue_block_slider,4,3.632014513015747,0.5966322422027588,1,1,1,0.10092267394065857
162,30,turn_on_lightbulb,0,2.874603748321533,-0.5295138359069824,2,2,0,-0.21969647705554962
162,30,turn_on_lightbulb,1,4.448633670806885,-0.6394157409667969,3,3,0,-0.05237115919589996
162,30,turn_on_lightbulb,2,3.032888889312744,0.18120217323303223,1,2,0,-0.03613291680812836
162,30,turn_on_lightbulb,4,2.293750047683716,0.3876457214355469,1,2,0,-0.03911593556404114
163,30,turn_off_lightbulb,0,2.903024196624756,-0.6406760215759277,2,2,0,-0.2627372145652771
163,30,turn_off_lightbulb,1,4.149214744567871,-0.4695699214935303,2,3,0,-0.02195890247821808
163,30,turn_off_lightbulb,2,2.7549362182617188,0.2767207622528076,1,2,0,-0.013948768377304077
163,30,turn_off_lightbulb,4,2.846384048461914,-0.2029271125793457,3,1,1,0.1852119266986847
