boundary_id,source_session,session_row,boundary_frame,previous_annotation_id,next_annotation_id,previous_label,next_label,frames_available_before,frames_available_after,annotation_gap_frames,annotation_relation,reset_or_discontinuity,source_frame_contiguous,h4_supported,split
session_000_frame_0498271,training_ep_row_00000,0,498271,4032,429,turn_on_lightbulb,lift_red_block_table,968,18773,208,gap,False,True,True,test
session_000_frame_0499197,training_ep_row_00000,0,499197,429,4138,lift_red_block_table,place_in_slider,1894,17847,861,gap,False,True,True,test
session_000_frame_0499359,training_ep_row_00000,0,499359,1945,1947,place_in_slider,turn_on_lightbulb,2056,17685,111,gap,False,True,True,test
session_000_frame_0499949,training_ep_row_00000,0,499949,1947,3485,turn_on_lightbulb,turn_off_lightbulb,2646,17095,525,gap,False,True,True,test
session_000_frame_0500224,training_ep_row_00000,0,500224,3485,1241,turn_off_lightbulb,push_pink_block_right,2921,16820,210,gap,False,True,True,test
session_000_frame_0500343,training_ep_row_00000,0,500343,1241,67,push_pink_block_right,lift_blue_block_slider,3040,16701,54,gap,False,True,True,test
session_000_frame_0501414,training_ep_row_00000,0,501414,67,1496,lift_blue_block_slider,place_in_slider,4111,15630,1006,gap,False,True,True,test
session_000_frame_0501505,training_ep_row_00000,0,501505,1496,1428,place_in_slider,lift_red_block_table,4202,15539,42,gap,False,True,True,test
session_000_frame_0502044,training_ep_row_00000,0,502044,1428,1172,lift_red_block_table,lift_blue_block_slider,4741,15000,474,gap,False,True,True,test
session_000_frame_0502344,training_ep_row_00000,0,502344,4988,3370,lift_blue_block_slider,turn_on_lightbulb,5041,14700,225,gap,False,True,True,test
session_000_frame_0502962,training_ep_row_00000,0,502962,3370,4045,turn_on_lightbulb,turn_off_lightbulb,5659,14082,553,gap,False,True,True,test
session_000_frame_0503598,training_ep_row_00000,0,503598,3313,2872,turn_off_lightbulb,lift_red_block_table,6295,13446,561,gap,False,True,True,test
session_000_frame_0504556,training_ep_row_00000,0,504556,3493,851,lift_red_block_table,lift_blue_block_slider,7253,12488,430,gap,False,True,True,test
session_000_frame_0505256,training_ep_row_00000,0,505256,851,4561,lift_blue_block_slider,turn_off_lightbulb,7953,11788,635,gap,False,True,True,test
session_000_frame_0506330,training_ep_row_00000,0,506330,4561,1737,turn_off_lightbulb,lift_blue_block_slider,9027,10714,1009,gap,False,True,True,test
session_000_frame_0506418,training_ep_row_00000,0,506418,3952,4633,lift_blue_block_slider,turn_on_lightbulb,9115,10626,22,gap,False,True,True,test
session_000_frame_0507030,training_ep_row_00000,0,507030,1485,3280,turn_on_lightbulb,push_pink_block_right,9727,10014,538,gap,False,True,True,test
session_000_frame_0508952,training_ep_row_00000,0,508952,1856,76,push_pink_block_right,turn_off_lightbulb,11649,8092,1847,gap,False,True,True,test
session_000_frame_0509634,training_ep_row_00000,0,509634,76,877,turn_off_lightbulb,turn_on_lightbulb,12331,7410,617,gap,False,True,True,test
session_000_frame_0510152,training_ep_row_00000,0,510152,877,4256,turn_on_lightbulb,lift_blue_block_slider,12849,6892,453,gap,False,True,True,test
session_000_frame_0510281,training_ep_row_00000,0,510281,4256,207,lift_blue_block_slider,turn_off_lightbulb,12978,6763,64,gap,False,True,True,test
session_000_frame_0513074,training_ep_row_00000,0,513074,1596,942,turn_off_lightbulb,turn_on_lightbulb,15771,3970,883,gap,False,True,True,test
session_000_frame_0513382,training_ep_row_00000,0,513382,942,2258,turn_on_lightbulb,turn_off_lightbulb,16079,3662,243,gap,False,True,True,test
session_000_frame_0513865,training_ep_row_00000,0,513865,2258,3090,turn_off_lightbulb,push_pink_block_right,16562,3179,418,gap,False,True,True,test
session_000_frame_0514813,training_ep_row_00000,0,514813,3090,796,push_pink_block_right,lift_red_block_table,17510,2231,902,gap,False,True,True,test
session_001_frame_0382780,training_ep_row_00001,1,382780,111,2647,place_in_slider,lift_red_block_table,883,17166,383,gap,False,True,True,train
session_001_frame_0383068,training_ep_row_00001,1,383068,738,2157,lift_red_block_table,turn_off_lightbulb,1171,16878,219,gap,False,True,True,train
session_001_frame_0383539,training_ep_row_00001,1,383539,2157,2725,turn_off_lightbulb,turn_on_lightbulb,1642,16407,406,gap,False,True,True,train
session_001_frame_0385640,training_ep_row_00001,1,385640,2725,1352,turn_on_lightbulb,lift_blue_block_slider,3743,14306,2036,gap,False,True,True,train
session_001_frame_0386779,training_ep_row_00001,1,386779,2002,941,lift_blue_block_slider,turn_on_lightbulb,4882,13167,85,gap,False,True,True,train
session_001_frame_0387750,training_ep_row_00001,1,387750,941,4828,turn_on_lightbulb,lift_blue_block_slider,5853,12196,906,gap,False,True,True,train
session_001_frame_0388651,training_ep_row_00001,1,388651,4828,3947,lift_blue_block_slider,turn_off_lightbulb,6754,11295,836,gap,False,True,True,train
session_001_frame_0388998,training_ep_row_00001,1,388998,3947,1430,turn_off_lightbulb,place_in_slider,7101,10948,282,gap,False,True,True,train
session_001_frame_0390148,training_ep_row_00001,1,390148,1430,3261,place_in_slider,turn_on_lightbulb,8251,9798,1112,gap,False,True,True,train
session_001_frame_0390589,training_ep_row_00001,1,390589,1930,3205,turn_on_lightbulb,lift_blue_block_slider,8692,9357,368,gap,False,True,True,train
session_001_frame_0390692,training_ep_row_00001,1,390692,3205,3408,lift_blue_block_slider,turn_off_lightbulb,8795,9254,38,gap,False,True,True,train
session_001_frame_0391683,training_ep_row_00001,1,391683,3276,4278,turn_off_lightbulb,lift_red_block_table,9786,8263,940,gap,False,True,True,train
session_001_frame_0391738,training_ep_row_00001,1,391738,4278,782,lift_red_block_table,place_in_slider,9841,8208,-10,overlap,False,True,True,train
session_001_frame_0392906,training_ep_row_00001,1,392906,3274,2903,place_in_slider,lift_blue_block_slider,11009,7040,221,gap,False,True,True,train
session_001_frame_0393270,training_ep_row_00001,1,393270,817,3505,lift_blue_block_slider,place_in_slider,11373,6676,291,gap,False,True,True,train
session_001_frame_0393513,training_ep_row_00001,1,393513,3505,684,place_in_slider,turn_on_lightbulb,11616,6433,178,gap,False,True,True,train
session_001_frame_0394649,training_ep_row_00001,1,394649,785,1834,turn_on_lightbulb,push_pink_block_right,12752,5297,131,gap,False,True,True,train
session_001_frame_0397499,training_ep_row_00001,1,397499,4973,4621,push_pink_block_right,place_in_slider,15602,2447,2795,gap,False,True,True,train
session_001_frame_0397590,training_ep_row_00001,1,397590,4621,697,place_in_slider,turn_on_lightbulb,15693,2356,54,gap,False,True,True,train
session_001_frame_0398751,training_ep_row_00001,1,398751,3490,4768,turn_on_lightbulb,turn_off_lightbulb,16854,1195,1095,gap,False,True,True,train
session_002_frame_0362334,training_ep_row_00002,2,362334,1374,2611,lift_red_block_table,turn_off_lightbulb,1081,7724,227,gap,False,True,True,train
session_002_frame_0363097,training_ep_row_00002,2,363097,2611,3532,turn_off_lightbulb,lift_red_block_table,1844,6961,698,gap,False,True,True,train
session_002_frame_0363572,training_ep_row_00002,2,363572,3532,4773,lift_red_block_table,place_in_slider,2319,6486,410,gap,False,True,True,train
session_002_frame_0365384,training_ep_row_00002,2,365384,4773,2516,place_in_slider,push_pink_block_right,4131,4674,1747,gap,False,True,True,train
session_002_frame_0365934,training_ep_row_00002,2,365934,2516,3992,push_pink_block_right,turn_on_lightbulb,4681,4124,485,gap,False,True,True,train
session_002_frame_0366567,training_ep_row_00002,2,366567,3992,4716,turn_on_lightbulb,lift_red_block_table,5314,3491,568,gap,False,True,True,train
session_002_frame_0367587,training_ep_row_00002,2,367587,285,714,lift_red_block_table,turn_off_lightbulb,6334,2471,949,gap,False,True,True,train
session_002_frame_0369039,training_ep_row_00002,2,369039,1607,299,turn_off_lightbulb,turn_on_lightbulb,7786,1019,476,gap,False,True,True,train
session_002_frame_0369471,training_ep_row_00002,2,369471,299,289,turn_on_lightbulb,turn_off_lightbulb,8218,587,367,gap,False,True,True,train
session_003_frame_0518266,training_ep_row_00003,3,518266,2144,3487,place_in_slider,turn_off_lightbulb,1222,21489,347,gap,False,True,True,development
session_003_frame_0518927,training_ep_row_00003,3,518927,4570,3277,turn_off_lightbulb,lift_red_block_table,1883,20828,588,gap,False,True,True,development
session_003_frame_0519046,training_ep_row_00003,3,519046,3277,2815,lift_red_block_table,lift_blue_block_slider,2002,20709,54,gap,False,True,True,development
session_003_frame_0519654,training_ep_row_00003,3,519654,1983,1819,lift_blue_block_slider,push_pink_block_right,2610,20101,539,gap,False,True,True,development
session_003_frame_0519691,training_ep_row_00003,3,519691,1819,956,push_pink_block_right,turn_on_lightbulb,2647,20064,-28,overlap,False,True,True,development
session_003_frame_0520998,training_ep_row_00003,3,520998,956,3289,turn_on_lightbulb,lift_red_block_table,3954,18757,1242,gap,False,True,True,development
session_003_frame_0522210,training_ep_row_00003,3,522210,2303,1560,lift_red_block_table,turn_on_lightbulb,5166,17545,592,gap,False,True,True,development
session_003_frame_0522427,training_ep_row_00003,3,522427,1560,2318,turn_on_lightbulb,lift_red_block_table,5383,17328,152,gap,False,True,True,development
session_003_frame_0523067,training_ep_row_00003,3,523067,669,3399,lift_red_block_table,place_in_slider,6023,16688,-11,overlap,False,True,True,development
session_003_frame_0523395,training_ep_row_00003,3,523395,3399,3948,place_in_slider,turn_on_lightbulb,6351,16360,286,gap,False,True,True,development
session_003_frame_0524943,training_ep_row_00003,3,524943,2715,4816,turn_on_lightbulb,lift_red_block_table,7899,14812,306,gap,False,True,True,development
session_003_frame_0525005,training_ep_row_00003,3,525005,4816,75,lift_red_block_table,place_in_slider,7961,14750,-3,overlap,False,True,True,development
session_003_frame_0525946,training_ep_row_00003,3,525946,75,958,place_in_slider,turn_on_lightbulb,8902,13809,900,gap,False,True,True,development
session_003_frame_0526440,training_ep_row_00003,3,526440,161,4566,turn_on_lightbulb,turn_off_lightbulb,9396,13315,440,gap,False,True,True,development
session_003_frame_0526791,training_ep_row_00003,3,526791,4566,3410,turn_off_lightbulb,lift_blue_block_slider,9747,12964,286,gap,False,True,True,development
session_003_frame_0529120,training_ep_row_00003,3,529120,3410,1952,lift_blue_block_slider,lift_red_block_table,12076,10635,2264,gap,False,True,True,development
session_003_frame_0529534,training_ep_row_00003,3,529534,1952,1934,lift_red_block_table,turn_off_lightbulb,12490,10221,374,gap,False,True,True,development
session_003_frame_0530441,training_ep_row_00003,3,530441,1934,4804,turn_off_lightbulb,turn_on_lightbulb,13397,9314,842,gap,False,True,True,development
session_003_frame_0530593,training_ep_row_00003,3,530593,4804,4915,turn_on_lightbulb,lift_red_block_table,13549,9162,87,gap,False,True,True,development
session_003_frame_0531049,training_ep_row_00003,3,531049,4915,3295,lift_red_block_table,turn_off_lightbulb,14005,8706,412,gap,False,True,True,development
session_003_frame_0531465,training_ep_row_00003,3,531465,3295,2812,turn_off_lightbulb,place_in_slider,14421,8290,351,gap,False,True,True,development
session_003_frame_0531515,training_ep_row_00003,3,531515,2812,889,place_in_slider,turn_on_lightbulb,14471,8240,10,gap,False,True,True,development
session_003_frame_0531576,training_ep_row_00003,3,531576,889,309,turn_on_lightbulb,turn_off_lightbulb,14532,8179,-4,overlap,False,True,True,development
session_003_frame_0531660,training_ep_row_00003,3,531660,309,263,turn_off_lightbulb,turn_on_lightbulb,14616,8095,19,gap,False,True,True,development
session_003_frame_0533014,training_ep_row_00003,3,533014,263,271,turn_on_lightbulb,turn_off_lightbulb,15970,6741,1311,gap,False,True,True,development
session_003_frame_0535417,training_ep_row_00003,3,535417,1966,882,turn_off_lightbulb,lift_blue_block_slider,18373,4338,540,gap,False,True,True,development
session_003_frame_0535492,training_ep_row_00003,3,535492,882,2842,lift_blue_block_slider,turn_on_lightbulb,18448,4263,10,gap,False,True,True,development
session_003_frame_0535746,training_ep_row_00003,3,535746,2842,4663,turn_on_lightbulb,place_in_slider,18702,4009,189,gap,False,True,True,development
session_003_frame_0536653,training_ep_row_00003,3,536653,4663,4547,place_in_slider,turn_off_lightbulb,19609,3102,866,gap,False,True,True,development
session_003_frame_0536829,training_ep_row_00003,3,536829,4547,829,turn_off_lightbulb,turn_on_lightbulb,19785,2926,111,gap,False,True,True,development
session_003_frame_0537337,training_ep_row_00003,3,537337,5,142,turn_on_lightbulb,place_in_slider,20293,2418,442,gap,False,True,True,development
session_003_frame_0537683,training_ep_row_00003,3,537683,938,2853,place_in_slider,turn_off_lightbulb,20639,2072,273,gap,False,True,True,development
session_003_frame_0538510,training_ep_row_00003,3,538510,2853,2151,turn_off_lightbulb,place_in_slider,21466,1245,762,gap,False,True,True,development
session_003_frame_0539015,training_ep_row_00003,3,539015,2151,4630,place_in_slider,push_pink_block_right,21971,740,456,gap,False,True,True,development
session_003_frame_0539052,training_ep_row_00003,3,539052,4427,2711,push_pink_block_right,place_in_slider,22008,703,-30,overlap,False,True,True,development
session_004_frame_0553691,training_ep_row_00004,4,553691,1415,3068,turn_on_lightbulb,lift_blue_block_slider,124,1551,-10,overlap,False,True,True,train
session_004_frame_0553916,training_ep_row_00004,4,553916,4943,3786,lift_blue_block_slider,push_pink_block_right,349,1326,150,gap,False,True,True,train
session_004_frame_0554046,training_ep_row_00004,4,554046,3786,302,push_pink_block_right,lift_red_block_table,479,1196,84,gap,False,True,True,train
session_004_frame_0554110,training_ep_row_00004,4,554110,302,3384,lift_red_block_table,place_in_slider,543,1132,-1,overlap,False,True,True,train
session_004_frame_0554474,training_ep_row_00004,4,554474,3384,3352,place_in_slider,turn_off_lightbulb,907,768,328,gap,False,True,True,train
session_005_frame_0555727,training_ep_row_00005,5,555727,1039,4859,lift_blue_block_slider,lift_red_block_table,485,22531,366,gap,False,True,True,train
session_005_frame_0556408,training_ep_row_00005,5,556408,4859,1740,lift_red_block_table,push_pink_block_right,1166,21850,616,gap,False,True,True,train
session_005_frame_0557063,training_ep_row_00005,5,557063,4225,4648,push_pink_block_right,place_in_slider,1821,21195,471,gap,False,True,True,train
session_005_frame_0558111,training_ep_row_00005,5,558111,4648,2452,place_in_slider,lift_blue_block_slider,2869,20147,1004,gap,False,True,True,train
session_005_frame_0559717,training_ep_row_00005,5,559717,2452,2169,lift_blue_block_slider,place_in_slider,4475,18541,1541,gap,False,True,True,train
session_005_frame_0561013,training_ep_row_00005,5,561013,1394,2600,place_in_slider,turn_on_lightbulb,5771,17245,1184,gap,False,True,True,train
session_005_frame_0561686,training_ep_row_00005,5,561686,2600,1973,turn_on_lightbulb,turn_off_lightbulb,6444,16572,608,gap,False,True,True,train
session_005_frame_0561870,training_ep_row_00005,5,561870,1973,5011,turn_off_lightbulb,push_pink_block_right,6628,16388,119,gap,False,True,True,train
session_005_frame_0561905,training_ep_row_00005,5,561905,5011,3571,push_pink_block_right,lift_blue_block_slider,6663,16353,-30,overlap,False,True,True,train
session_005_frame_0562143,training_ep_row_00005,5,562143,3571,841,lift_blue_block_slider,place_in_slider,6901,16115,173,gap,False,True,True,train
session_005_frame_0564298,training_ep_row_00005,5,564298,3357,2003,place_in_slider,turn_off_lightbulb,9056,13960,1612,gap,False,True,True,train
session_005_frame_0564578,training_ep_row_00005,5,564578,2003,1525,turn_off_lightbulb,place_in_slider,9336,13680,215,gap,False,True,True,train
session_005_frame_0565596,training_ep_row_00005,5,565596,1525,705,place_in_slider,turn_off_lightbulb,10354,12662,979,gap,False,True,True,train
session_005_frame_0568085,training_ep_row_00005,5,568085,705,4172,turn_off_lightbulb,turn_on_lightbulb,12843,10173,2424,gap,False,True,True,train
session_005_frame_0568220,training_ep_row_00005,5,568220,2001,1045,turn_on_lightbulb,lift_red_block_table,12978,10038,83,gap,False,True,True,train
session_005_frame_0568561,training_ep_row_00005,5,568561,1045,1744,lift_red_block_table,lift_blue_block_slider,13319,9697,276,gap,False,True,True,train
session_005_frame_0570110,training_ep_row_00005,5,570110,1744,1850,lift_blue_block_slider,push_pink_block_right,14868,8148,1484,gap,False,True,True,train
session_005_frame_0570236,training_ep_row_00005,5,570236,3697,1953,push_pink_block_right,turn_on_lightbulb,14994,8022,50,gap,False,True,True,train
session_005_frame_0573529,training_ep_row_00005,5,573529,4793,4822,turn_on_lightbulb,push_pink_block_right,18287,4729,3247,gap,False,True,True,train
session_005_frame_0574440,training_ep_row_00005,5,574440,4822,208,push_pink_block_right,turn_off_lightbulb,19198,3818,876,gap,False,True,True,train
session_005_frame_0575183,training_ep_row_00005,5,575183,208,3680,turn_off_lightbulb,lift_blue_block_slider,19941,3075,678,gap,False,True,True,train
session_005_frame_0575451,training_ep_row_00005,5,575451,3680,4677,lift_blue_block_slider,turn_on_lightbulb,20209,2807,203,gap,False,True,True,train
session_005_frame_0575887,training_ep_row_00005,5,575887,4677,4007,turn_on_lightbulb,turn_off_lightbulb,20645,2371,371,gap,False,True,True,train
session_005_frame_0576291,training_ep_row_00005,5,576291,4007,306,turn_off_lightbulb,lift_red_block_table,21049,1967,339,gap,False,True,True,train
session_005_frame_0576811,training_ep_row_00005,5,576811,306,972,lift_red_block_table,place_in_slider,21569,1447,455,gap,False,True,True,train
session_005_frame_0576944,training_ep_row_00005,5,576944,1955,4533,place_in_slider,turn_on_lightbulb,21702,1314,83,gap,False,True,True,train
session_006_frame_0055055,training_ep_row_00006,6,55055,4965,2204,lift_blue_block_slider,push_pink_block_right,1236,8179,743,gap,False,True,True,train
session_006_frame_0056050,training_ep_row_00006,6,56050,568,1936,push_pink_block_right,place_in_slider,2231,7184,922,gap,False,True,True,train
session_006_frame_0056277,training_ep_row_00006,6,56277,1936,4996,place_in_slider,lift_blue_block_slider,2458,6957,184,gap,False,True,True,train
session_006_frame_0057339,training_ep_row_00006,6,57339,4996,2825,lift_blue_block_slider,lift_red_block_table,3520,5895,997,gap,False,True,True,train
session_006_frame_0058450,training_ep_row_00006,6,58450,2825,194,lift_red_block_table,place_in_slider,4631,4784,1046,gap,False,True,True,train
session_006_frame_0060599,training_ep_row_00006,6,60599,194,284,place_in_slider,turn_off_lightbulb,6780,2635,2084,gap,False,True,True,train
session_006_frame_0061061,training_ep_row_00006,6,61061,284,4787,turn_off_lightbulb,turn_on_lightbulb,7242,2173,397,gap,False,True,True,train
session_007_frame_0197255,training_ep_row_00007,7,197255,3307,3249,lift_red_block_table,place_in_slider,77,22380,6,gap,False,True,True,train
session_007_frame_0197759,training_ep_row_00007,7,197759,3249,4131,place_in_slider,lift_blue_block_slider,581,21876,462,gap,False,True,True,train
session_007_frame_0198125,training_ep_row_00007,7,198125,4767,4105,lift_blue_block_slider,place_in_slider,947,21510,289,gap,False,True,True,train
session_007_frame_0199759,training_ep_row_00007,7,199759,2043,5022,place_in_slider,push_pink_block_right,2581,19876,1040,gap,False,True,True,train
session_007_frame_0201047,training_ep_row_00007,7,201047,2337,2099,push_pink_block_right,place_in_slider,3869,18588,1215,gap,False,True,True,train
session_007_frame_0201899,training_ep_row_00007,7,201899,3906,4711,place_in_slider,turn_off_lightbulb,4721,17736,-12,overlap,False,True,True,train
session_007_frame_0205363,training_ep_row_00007,7,205363,13,2926,turn_off_lightbulb,lift_red_block_table,8185,14272,3405,gap,False,True,True,train
session_007_frame_0205794,training_ep_row_00007,7,205794,2751,2801,lift_red_block_table,place_in_slider,8616,13841,6,gap,False,True,True,train
session_007_frame_0205830,training_ep_row_00007,7,205830,2801,3897,place_in_slider,turn_on_lightbulb,8652,13805,-7,overlap,False,True,True,train
session_007_frame_0206578,training_ep_row_00007,7,206578,3897,1472,turn_on_lightbulb,place_in_slider,9400,13057,683,gap,False,True,True,train
session_007_frame_0207919,training_ep_row_00007,7,207919,1472,1601,place_in_slider,turn_off_lightbulb,10741,11716,1301,gap,False,True,True,train
session_007_frame_0208008,training_ep_row_00007,7,208008,1601,1249,turn_off_lightbulb,push_pink_block_right,10830,11627,24,gap,False,True,True,train
session_007_frame_0208854,training_ep_row_00007,7,208854,1249,1492,push_pink_block_right,turn_on_lightbulb,11676,10781,781,gap,False,True,True,train
session_007_frame_0209660,training_ep_row_00007,7,209660,1492,2470,turn_on_lightbulb,push_pink_block_right,12482,9975,741,gap,False,True,True,train
session_007_frame_0211207,training_ep_row_00007,7,211207,2470,2139,push_pink_block_right,place_in_slider,14029,8428,1482,gap,False,True,True,train
session_007_frame_0211426,training_ep_row_00007,7,211426,1516,3359,place_in_slider,turn_on_lightbulb,14248,8209,179,gap,False,True,True,train
session_007_frame_0212551,training_ep_row_00007,7,212551,3359,1108,turn_on_lightbulb,push_pink_block_right,15373,7084,1060,gap,False,True,True,train
session_007_frame_0213298,training_ep_row_00007,7,213298,4871,2895,push_pink_block_right,turn_on_lightbulb,16120,6337,296,gap,False,True,True,train
session_007_frame_0213706,training_ep_row_00007,7,213706,2895,1763,turn_on_lightbulb,lift_blue_block_slider,16528,5929,343,gap,False,True,True,train
session_007_frame_0215721,training_ep_row_00007,7,215721,1763,2986,lift_blue_block_slider,lift_red_block_table,18543,3914,1950,gap,False,True,True,train
session_007_frame_0217559,training_ep_row_00007,7,217559,2986,4022,lift_red_block_table,turn_off_lightbulb,20381,2076,1773,gap,False,True,True,train
session_007_frame_0219191,training_ep_row_00007,7,219191,3921,2086,turn_off_lightbulb,lift_red_block_table,22013,444,-1,overlap,False,True,True,train
session_008_frame_0166531,training_ep_row_00008,8,166531,2183,1967,lift_blue_block_slider,lift_red_block_table,192,30647,27,gap,False,True,True,test
session_008_frame_0166761,training_ep_row_00008,8,166761,1967,4568,lift_red_block_table,turn_on_lightbulb,422,30417,165,gap,False,True,True,test
session_008_frame_0167528,training_ep_row_00008,8,167528,4568,4112,turn_on_lightbulb,turn_off_lightbulb,1189,29650,702,gap,False,True,True,test
session_008_frame_0168192,training_ep_row_00008,8,168192,4112,741,turn_off_lightbulb,turn_on_lightbulb,1853,28986,599,gap,False,True,True,test
session_008_frame_0168759,training_ep_row_00008,8,168759,741,870,turn_on_lightbulb,turn_off_lightbulb,2420,28419,502,gap,False,True,True,test
session_008_frame_0170371,training_ep_row_00008,8,170371,3479,3232,turn_off_lightbulb,place_in_slider,4032,26807,483,gap,False,True,True,test
session_008_frame_0170524,training_ep_row_00008,8,170524,3232,4642,place_in_slider,turn_on_lightbulb,4185,26654,88,gap,False,True,True,test
session_008_frame_0170716,training_ep_row_00008,8,170716,4642,2443,turn_on_lightbulb,lift_blue_block_slider,4377,26462,127,gap,False,True,True,test
session_008_frame_0171023,training_ep_row_00008,8,171023,4741,4506,lift_blue_block_slider,place_in_slider,4684,26155,238,gap,False,True,True,test
session_008_frame_0171226,training_ep_row_00008,8,171226,4506,1396,place_in_slider,turn_off_lightbulb,4887,25952,168,gap,False,True,True,test
session_008_frame_0172806,training_ep_row_00008,8,172806,1396,1347,turn_off_lightbulb,lift_blue_block_slider,6467,24372,1515,gap,False,True,True,test
session_008_frame_0177228,training_ep_row_00008,8,177228,1584,3483,lift_blue_block_slider,lift_red_block_table,10889,19950,4363,gap,False,True,True,test
session_008_frame_0177726,training_ep_row_00008,8,177726,4081,769,lift_red_block_table,turn_on_lightbulb,11387,19452,432,gap,False,True,True,test
session_008_frame_0178856,training_ep_row_00008,8,178856,1350,4575,turn_on_lightbulb,turn_off_lightbulb,12517,18322,1056,gap,False,True,True,test
session_008_frame_0179012,training_ep_row_00008,8,179012,4575,1657,turn_off_lightbulb,lift_red_block_table,12673,18166,91,gap,False,True,True,test
session_008_frame_0179118,training_ep_row_00008,8,179118,2960,3696,lift_red_block_table,lift_blue_block_slider,12779,18060,39,gap,False,True,True,test
session_008_frame_0179331,training_ep_row_00008,8,179331,3696,4135,lift_blue_block_slider,lift_red_block_table,12992,17847,148,gap,False,True,True,test
session_008_frame_0180288,training_ep_row_00008,8,180288,4135,2149,lift_red_block_table,place_in_slider,13949,16890,892,gap,False,True,True,test
session_008_frame_0181402,training_ep_row_00008,8,181402,2149,667,place_in_slider,lift_red_block_table,15063,15776,1073,gap,False,True,True,test
session_008_frame_0181605,training_ep_row_00008,8,181605,667,2817,lift_red_block_table,turn_on_lightbulb,15266,15573,138,gap,False,True,True,test
session_008_frame_0182355,training_ep_row_00008,8,182355,2817,1099,turn_on_lightbulb,lift_red_block_table,16016,14823,685,gap,False,True,True,test
session_008_frame_0183325,training_ep_row_00008,8,183325,1099,3440,lift_red_block_table,place_in_slider,16986,13853,905,gap,False,True,True,test
session_008_frame_0183824,training_ep_row_00008,8,183824,3440,2233,place_in_slider,lift_blue_block_slider,17485,13354,434,gap,False,True,True,test
session_008_frame_0184966,training_ep_row_00008,8,184966,4831,729,lift_blue_block_slider,place_in_slider,18627,12212,534,gap,False,True,True,test
session_008_frame_0185555,training_ep_row_00008,8,185555,4012,575,place_in_slider,push_pink_block_right,19216,11623,525,gap,False,True,True,test
session_008_frame_0186023,training_ep_row_00008,8,186023,2537,3445,push_pink_block_right,lift_blue_block_slider,19684,11155,333,gap,False,True,True,test
session_008_frame_0186167,training_ep_row_00008,8,186167,488,2764,lift_blue_block_slider,turn_off_lightbulb,19828,11011,78,gap,False,True,True,test
session_008_frame_0186526,training_ep_row_00008,8,186526,2764,4778,turn_off_lightbulb,place_in_slider,20187,10652,294,gap,False,True,True,test
session_008_frame_0186587,training_ep_row_00008,8,186587,4778,2289,place_in_slider,lift_red_block_table,20248,10591,22,gap,False,True,True,test
session_008_frame_0187313,training_ep_row_00008,8,187313,2361,4740,lift_red_block_table,place_in_slider,20974,9865,563,gap,False,True,True,test
session_008_frame_0187610,training_ep_row_00008,8,187610,4740,866,place_in_slider,lift_blue_block_slider,21271,9568,258,gap,False,True,True,test
session_008_frame_0188097,training_ep_row_00008,8,188097,866,2936,lift_blue_block_slider,lift_red_block_table,21758,9081,422,gap,False,True,True,test
session_008_frame_0188156,training_ep_row_00008,8,188156,94,4727,lift_red_block_table,place_in_slider,21817,9022,-13,overlap,False,True,True,test
session_008_frame_0191013,training_ep_row_00008,8,191013,4727,1571,place_in_slider,lift_blue_block_slider,24674,6165,2792,gap,False,True,True,test
session_008_frame_0191320,training_ep_row_00008,8,191320,1571,2820,lift_blue_block_slider,turn_off_lightbulb,24981,5858,242,gap,False,True,True,test
session_008_frame_0192215,training_ep_row_00008,8,192215,2820,1247,turn_off_lightbulb,push_pink_block_right,25876,4963,830,gap,False,True,True,test
session_008_frame_0192333,training_ep_row_00008,8,192333,1247,3257,push_pink_block_right,turn_on_lightbulb,25994,4845,53,gap,False,True,True,test
session_008_frame_0193080,training_ep_row_00008,8,193080,3257,137,turn_on_lightbulb,place_in_slider,26741,4098,682,gap,False,True,True,test
session_008_frame_0193528,training_ep_row_00008,8,193528,137,3872,place_in_slider,turn_on_lightbulb,27189,3650,409,gap,False,True,True,test
session_008_frame_0193601,training_ep_row_00008,8,193601,2761,1339,turn_on_lightbulb,lift_red_block_table,27262,3577,6,gap,False,True,True,test
session_008_frame_0193637,training_ep_row_00008,8,193637,1339,4805,lift_red_block_table,place_in_slider,27298,3541,-3,overlap,False,True,True,test
session_008_frame_0193851,training_ep_row_00008,8,193851,4805,936,place_in_slider,lift_blue_block_slider,27512,3327,177,gap,False,True,True,test
session_008_frame_0195135,training_ep_row_00008,8,195135,936,4538,lift_blue_block_slider,turn_on_lightbulb,28796,2043,1219,gap,False,True,True,test
session_008_frame_0196977,training_ep_row_00008,8,196977,4538,3441,turn_on_lightbulb,place_in_slider,30638,201,1777,gap,False,True,True,test
session_009_frame_0337347,training_ep_row_00009,9,337347,1538,1480,turn_off_lightbulb,turn_on_lightbulb,5980,5443,2870,gap,False,True,True,train
session_009_frame_0337593,training_ep_row_00009,9,337593,66,247,turn_on_lightbulb,place_in_slider,6226,5197,179,gap,False,True,True,train
session_009_frame_0339125,training_ep_row_00009,9,339125,2248,2041,place_in_slider,turn_off_lightbulb,7758,3665,1493,gap,False,True,True,train
session_009_frame_0339452,training_ep_row_00009,9,339452,3319,4667,turn_off_lightbulb,lift_red_block_table,8085,3338,257,gap,False,True,True,train
session_009_frame_0340202,training_ep_row_00009,9,340202,4667,1565,lift_red_block_table,turn_on_lightbulb,8835,2588,685,gap,False,True,True,train
session_009_frame_0340479,training_ep_row_00009,9,340479,1565,2739,turn_on_lightbulb,push_pink_block_right,9112,2311,212,gap,False,True,True,train
session_009_frame_0342403,training_ep_row_00009,9,342403,2739,2592,push_pink_block_right,place_in_slider,11036,387,1876,gap,False,True,True,train
session_010_frame_0439703,training_ep_row_00010,10,439703,1631,2832,lift_blue_block_slider,place_in_slider,830,25365,468,gap,False,True,True,development
session_010_frame_0439908,training_ep_row_00010,10,439908,2832,1589,place_in_slider,turn_off_lightbulb,1035,25160,170,gap,False,True,True,development
session_010_frame_0440080,training_ep_row_00010,10,440080,1589,3030,turn_off_lightbulb,lift_blue_block_slider,1207,24988,107,gap,False,True,True,development
session_010_frame_0440294,training_ep_row_00010,10,440294,2310,4770,lift_blue_block_slider,place_in_slider,1421,24774,148,gap,False,True,True,development
session_010_frame_0441190,training_ep_row_00010,10,441190,4770,2985,place_in_slider,lift_red_block_table,2317,23878,831,gap,False,True,True,development
session_010_frame_0441366,training_ep_row_00010,10,441366,2985,3071,lift_red_block_table,push_pink_block_right,2493,23702,111,gap,False,True,True,development
session_010_frame_0441626,training_ep_row_00010,10,441626,1038,876,push_pink_block_right,lift_red_block_table,2753,23442,193,gap,False,True,True,development
session_010_frame_0442341,training_ep_row_00010,10,442341,876,3535,lift_red_block_table,place_in_slider,3468,22727,650,gap,False,True,True,development
session_010_frame_0442558,training_ep_row_00010,10,442558,3535,3349,place_in_slider,turn_off_lightbulb,3685,22510,170,gap,False,True,True,development
session_010_frame_0442832,training_ep_row_00010,10,442832,873,3775,turn_off_lightbulb,push_pink_block_right,3959,22236,200,gap,False,True,True,development
session_010_frame_0445314,training_ep_row_00010,10,445314,4018,852,push_pink_block_right,turn_off_lightbulb,6441,19754,2408,gap,False,True,True,development
session_010_frame_0445717,training_ep_row_00010,10,445717,852,4141,turn_off_lightbulb,turn_on_lightbulb,6844,19351,338,gap,False,True,True,development
session_010_frame_0447016,training_ep_row_00010,10,447016,4141,922,turn_on_lightbulb,lift_red_block_table,8143,18052,1234,gap,False,True,True,development
session_010_frame_0448778,training_ep_row_00010,10,448778,2109,276,lift_red_block_table,turn_off_lightbulb,9905,16290,1034,gap,False,True,True,development
session_010_frame_0450442,training_ep_row_00010,10,450442,974,3397,turn_off_lightbulb,turn_on_lightbulb,11569,14626,1588,gap,False,True,True,development
session_010_frame_0452421,training_ep_row_00010,10,452421,3397,3799,turn_on_lightbulb,push_pink_block_right,13548,12647,1914,gap,False,True,True,development
session_010_frame_0452829,training_ep_row_00010,10,452829,3799,2677,push_pink_block_right,turn_on_lightbulb,13956,12239,343,gap,False,True,True,development
session_010_frame_0453752,training_ep_row_00010,10,453752,2677,4851,turn_on_lightbulb,lift_blue_block_slider,14879,11316,858,gap,False,True,True,development
session_010_frame_0455792,training_ep_row_00010,10,455792,2320,4617,lift_blue_block_slider,turn_off_lightbulb,16919,9276,1969,gap,False,True,True,development
session_010_frame_0456092,training_ep_row_00010,10,456092,3411,4491,turn_off_lightbulb,turn_on_lightbulb,17219,8976,231,gap,False,True,True,development
session_010_frame_0456533,training_ep_row_00010,10,456533,2656,315,turn_on_lightbulb,turn_off_lightbulb,17660,8535,368,gap,False,True,True,development
session_010_frame_0456635,training_ep_row_00010,10,456635,315,2271,turn_off_lightbulb,place_in_slider,17762,8433,54,gap,False,True,True,development
session_010_frame_0458161,training_ep_row_00010,10,458161,2271,4485,place_in_slider,lift_red_block_table,19288,6907,1461,gap,False,True,True,development
session_010_frame_0459365,training_ep_row_00010,10,459365,2847,56,lift_red_block_table,place_in_slider,20492,5703,1132,gap,False,True,True,development
session_010_frame_0461777,training_ep_row_00010,10,461777,56,2292,place_in_slider,lift_red_block_table,22904,3291,2378,gap,False,True,True,development
session_010_frame_0462064,training_ep_row_00010,10,462064,2292,3387,lift_red_block_table,turn_on_lightbulb,23191,3004,222,gap,False,True,True,development
session_010_frame_0463597,training_ep_row_00010,10,463597,3210,4754,turn_on_lightbulb,place_in_slider,24724,1471,130,gap,False,True,True,development
session_011_frame_0466399,training_ep_row_00011,11,466399,1500,2286,turn_on_lightbulb,lift_blue_block_slider,1331,11061,773,gap,False,True,True,train
session_011_frame_0468213,training_ep_row_00011,11,468213,2286,4709,lift_blue_block_slider,turn_off_lightbulb,3145,9247,1749,gap,False,True,True,train
session_011_frame_0468993,training_ep_row_00011,11,468993,4709,1557,turn_off_lightbulb,turn_on_lightbulb,3925,8467,715,gap,False,True,True,train
session_011_frame_0469420,training_ep_row_00011,11,469420,1557,3526,turn_on_lightbulb,lift_red_block_table,4352,8040,362,gap,False,True,True,train
session_011_frame_0469566,training_ep_row_00011,11,469566,3526,824,lift_red_block_table,push_pink_block_right,4498,7894,81,gap,False,True,True,train
session_011_frame_0471485,training_ep_row_00011,11,471485,4043,4662,push_pink_block_right,turn_off_lightbulb,6417,5975,1858,gap,False,True,True,train
session_011_frame_0473335,training_ep_row_00011,11,473335,4662,4079,turn_off_lightbulb,place_in_slider,8267,4125,1785,gap,False,True,True,train
session_011_frame_0474721,training_ep_row_00011,11,474721,4079,1552,place_in_slider,turn_off_lightbulb,9653,2739,1321,gap,False,True,True,train
session_011_frame_0475280,training_ep_row_00011,11,475280,1552,5020,turn_off_lightbulb,push_pink_block_right,10212,2180,494,gap,False,True,True,train
session_011_frame_0476348,training_ep_row_00011,11,476348,2120,3502,push_pink_block_right,lift_red_block_table,11280,1112,1028,gap,False,True,True,train
session_012_frame_0349988,training_ep_row_00012,12,349988,2880,1825,place_in_slider,push_pink_block_right,624,8494,427,gap,False,True,True,train
session_012_frame_0352280,training_ep_row_00012,12,352280,1825,319,push_pink_block_right,lift_blue_block_slider,2916,6202,2227,gap,False,True,True,train
session_012_frame_0352567,training_ep_row_00012,12,352567,227,1373,lift_blue_block_slider,turn_off_lightbulb,3203,5915,219,gap,False,True,True,train
session_012_frame_0352965,training_ep_row_00012,12,352965,2064,1322,turn_off_lightbulb,place_in_slider,3601,5517,325,gap,False,True,True,train
session_012_frame_0353587,training_ep_row_00012,12,353587,1322,3980,place_in_slider,turn_on_lightbulb,4223,4895,587,gap,False,True,True,train
session_012_frame_0354494,training_ep_row_00012,12,354494,3980,3023,turn_on_lightbulb,lift_blue_block_slider,5130,3988,842,gap,False,True,True,train
session_012_frame_0354624,training_ep_row_00012,12,354624,2326,1462,lift_blue_block_slider,turn_on_lightbulb,5260,3858,56,gap,False,True,True,train
session_012_frame_0356063,training_ep_row_00012,12,356063,1462,4528,turn_on_lightbulb,lift_blue_block_slider,6699,2419,1374,gap,False,True,True,train
session_012_frame_0356148,training_ep_row_00012,12,356148,930,742,lift_blue_block_slider,turn_off_lightbulb,6784,2334,8,gap,False,True,True,train
session_012_frame_0356830,training_ep_row_00012,12,356830,742,107,turn_off_lightbulb,turn_on_lightbulb,7466,1652,617,gap,False,True,True,train
session_012_frame_0357248,training_ep_row_00012,12,357248,107,4524,turn_on_lightbulb,turn_off_lightbulb,7884,1234,353,gap,False,True,True,train
session_013_frame_0123290,training_ep_row_00013,13,123290,2692,4820,place_in_slider,turn_off_lightbulb,1113,24264,446,gap,False,True,True,train
session_013_frame_0123362,training_ep_row_00013,13,123362,296,4093,turn_off_lightbulb,lift_blue_block_slider,1185,24192,1,gap,False,True,True,train
session_013_frame_0125705,training_ep_row_00013,13,125705,4093,3414,lift_blue_block_slider,lift_red_block_table,3528,21849,2278,gap,False,True,True,train
session_013_frame_0125859,training_ep_row_00013,13,125859,3414,2839,lift_red_block_table,turn_on_lightbulb,3682,21695,89,gap,False,True,True,train
session_013_frame_0127710,training_ep_row_00013,13,127710,2634,3639,turn_on_lightbulb,lift_red_block_table,5533,19844,262,gap,False,True,True,train
session_013_frame_0127794,training_ep_row_00013,13,127794,293,4907,lift_red_block_table,lift_blue_block_slider,5617,19760,11,gap,False,True,True,train
session_013_frame_0129231,training_ep_row_00013,13,129231,3545,2459,lift_blue_block_slider,push_pink_block_right,7054,18323,1363,gap,False,True,True,train
session_013_frame_0129508,training_ep_row_00013,13,129508,2459,3511,push_pink_block_right,turn_on_lightbulb,7331,18046,229,gap,False,True,True,train
session_013_frame_0130638,training_ep_row_00013,13,130638,3511,1481,turn_on_lightbulb,place_in_slider,8461,16916,1065,gap,False,True,True,train
session_013_frame_0131282,training_ep_row_00013,13,131282,1481,1156,place_in_slider,lift_blue_block_slider,9105,16272,604,gap,False,True,True,train
session_013_frame_0135238,training_ep_row_00013,13,135238,1336,4170,lift_blue_block_slider,lift_red_block_table,13061,12316,1831,gap,False,True,True,train
session_013_frame_0136760,training_ep_row_00013,13,136760,4170,2603,lift_red_block_table,turn_off_lightbulb,14583,10794,1457,gap,False,True,True,train
session_013_frame_0138632,training_ep_row_00013,13,138632,2051,1242,turn_off_lightbulb,push_pink_block_right,16455,8922,594,gap,False,True,True,train
session_013_frame_0138722,training_ep_row_00013,13,138722,3088,3504,push_pink_block_right,place_in_slider,16545,8832,44,gap,False,True,True,train
session_013_frame_0138838,training_ep_row_00013,13,138838,3504,1609,place_in_slider,lift_red_block_table,16661,8716,75,gap,False,True,True,train
session_013_frame_0138906,training_ep_row_00013,13,138906,1609,4027,lift_red_block_table,place_in_slider,16729,8648,3,gap,False,True,True,train
session_013_frame_0139634,training_ep_row_00013,13,139634,4027,2339,place_in_slider,lift_blue_block_slider,17457,7920,692,gap,False,True,True,train
session_013_frame_0140104,training_ep_row_00013,13,140104,2339,2747,lift_blue_block_slider,lift_red_block_table,17927,7450,431,gap,False,True,True,train
session_013_frame_0140171,training_ep_row_00013,13,140171,2747,2787,lift_red_block_table,turn_on_lightbulb,17994,7383,23,gap,False,True,True,train
session_013_frame_0140618,training_ep_row_00013,13,140618,2787,2030,turn_on_lightbulb,place_in_slider,18441,6936,408,gap,False,True,True,train
session_013_frame_0143831,training_ep_row_00013,13,143831,1497,2407,place_in_slider,push_pink_block_right,21654,3723,1229,gap,False,True,True,train
session_013_frame_0145120,training_ep_row_00013,13,145120,2407,1545,push_pink_block_right,turn_on_lightbulb,22943,2434,1246,gap,False,True,True,train
session_013_frame_0146962,training_ep_row_00013,13,146962,3484,3478,turn_on_lightbulb,turn_off_lightbulb,24785,592,794,gap,False,True,True,train
session_014_frame_0245084,training_ep_row_00014,14,245084,2213,3475,lift_blue_block_slider,place_in_slider,799,27635,683,gap,False,True,True,test
session_014_frame_0246540,training_ep_row_00014,14,246540,2783,4594,place_in_slider,turn_off_lightbulb,2255,26179,104,gap,False,True,True,test
session_014_frame_0247752,training_ep_row_00014,14,247752,81,2137,turn_off_lightbulb,turn_on_lightbulb,3467,24967,1136,gap,False,True,True,test
session_014_frame_0249864,training_ep_row_00014,14,249864,2137,2869,turn_on_lightbulb,place_in_slider,5579,22855,2047,gap,False,True,True,test
session_014_frame_0251272,training_ep_row_00014,14,251272,2869,4034,place_in_slider,lift_red_block_table,6987,21447,1343,gap,False,True,True,test
session_014_frame_0251837,training_ep_row_00014,14,251837,4034,2048,lift_red_block_table,place_in_slider,7552,20882,520,gap,False,True,True,test
session_014_frame_0253575,training_ep_row_00014,14,253575,4654,3353,place_in_slider,turn_on_lightbulb,9290,19144,120,gap,False,True,True,test
session_014_frame_0254273,training_ep_row_00014,14,254273,2729,1453,turn_on_lightbulb,place_in_slider,9988,18446,623,gap,False,True,True,test
session_014_frame_0254873,training_ep_row_00014,14,254873,1453,2855,place_in_slider,turn_off_lightbulb,10588,17846,555,gap,False,True,True,test
session_014_frame_0256145,training_ep_row_00014,14,256145,2855,1547,turn_off_lightbulb,place_in_slider,11860,16574,1207,gap,False,True,True,test
session_014_frame_0256555,training_ep_row_00014,14,256555,1547,1124,place_in_slider,push_pink_block_right,12270,16164,376,gap,False,True,True,test
session_014_frame_0256713,training_ep_row_00014,14,256713,1124,3265,push_pink_block_right,place_in_slider,12428,16006,93,gap,False,True,True,test
session_014_frame_0257474,training_ep_row_00014,14,257474,3265,2806,place_in_slider,turn_off_lightbulb,13189,15245,719,gap,False,True,True,test
session_014_frame_0257972,training_ep_row_00014,14,257972,2806,1466,turn_off_lightbulb,lift_red_block_table,13687,14747,433,gap,False,True,True,test
session_014_frame_0258331,training_ep_row_00014,14,258331,1466,753,lift_red_block_table,turn_on_lightbulb,14046,14388,294,gap,False,True,True,test
session_014_frame_0258885,training_ep_row_00014,14,258885,945,2274,turn_on_lightbulb,lift_blue_block_slider,14600,13834,488,gap,False,True,True,test
session_014_frame_0260303,training_ep_row_00014,14,260303,1461,318,lift_blue_block_slider,place_in_slider,16018,12416,1343,gap,False,True,True,test
session_014_frame_0260932,training_ep_row_00014,14,260932,318,443,place_in_slider,lift_blue_block_slider,16647,11787,594,gap,False,True,True,test
session_014_frame_0262996,training_ep_row_00014,14,262996,3043,1027,lift_blue_block_slider,lift_red_block_table,18711,9723,1997,gap,False,True,True,test
session_014_frame_0263180,training_ep_row_00014,14,263180,1027,3990,lift_red_block_table,turn_off_lightbulb,18895,9539,119,gap,False,True,True,test
session_014_frame_0263884,training_ep_row_00014,14,263884,3990,127,turn_off_lightbulb,lift_red_block_table,19599,8835,639,gap,False,True,True,test
session_014_frame_0264154,training_ep_row_00014,14,264154,127,4701,lift_red_block_table,turn_on_lightbulb,19869,8565,205,gap,False,True,True,test
session_014_frame_0265252,training_ep_row_00014,14,265252,4701,3488,turn_on_lightbulb,place_in_slider,20967,7467,1033,gap,False,True,True,test
session_014_frame_0268616,training_ep_row_00014,14,268616,3488,3805,place_in_slider,push_pink_block_right,24331,4103,3299,gap,False,True,True,test
session_014_frame_0268988,training_ep_row_00014,14,268988,3646,257,push_pink_block_right,turn_on_lightbulb,24703,3731,241,gap,False,True,True,test
session_014_frame_0269652,training_ep_row_00014,14,269652,3279,3528,turn_on_lightbulb,lift_red_block_table,25367,3067,590,gap,False,True,True,test
session_014_frame_0269712,training_ep_row_00014,14,269712,31,4699,lift_red_block_table,place_in_slider,25427,3007,-6,overlap,False,True,True,test
session_014_frame_0269750,training_ep_row_00014,14,269750,4699,2232,place_in_slider,turn_off_lightbulb,25465,2969,-3,overlap,False,True,True,test
session_014_frame_0270834,training_ep_row_00014,14,270834,2232,3405,turn_off_lightbulb,lift_red_block_table,26549,1885,1019,gap,False,True,True,test
session_014_frame_0271538,training_ep_row_00014,14,271538,4870,3877,lift_red_block_table,place_in_slider,27253,1181,646,gap,False,True,True,test
session_014_frame_0271809,training_ep_row_00014,14,271809,3877,4321,place_in_slider,lift_blue_block_slider,27524,910,223,gap,False,True,True,test
session_014_frame_0272386,training_ep_row_00014,14,272386,4321,3456,lift_blue_block_slider,lift_red_block_table,28101,333,512,gap,False,True,True,test
session_015_frame_0540009,training_ep_row_00015,15,540009,4257,4540,lift_blue_block_slider,turn_on_lightbulb,254,13558,181,gap,False,True,True,train
session_015_frame_0540618,training_ep_row_00015,15,540618,4540,3392,turn_on_lightbulb,place_in_slider,863,12949,560,gap,False,True,True,train
session_015_frame_0540874,training_ep_row_00015,15,540874,3392,3678,place_in_slider,lift_blue_block_slider,1119,12693,219,gap,False,True,True,train
session_015_frame_0542337,training_ep_row_00015,15,542337,3067,4,lift_blue_block_slider,turn_on_lightbulb,2582,11230,385,gap,False,True,True,train
session_015_frame_0543001,training_ep_row_00015,15,543001,4,3966,turn_on_lightbulb,lift_red_block_table,3246,10566,599,gap,False,True,True,train
session_015_frame_0543663,training_ep_row_00015,15,543663,3966,4700,lift_red_block_table,turn_on_lightbulb,3908,9904,614,gap,False,True,True,train
session_015_frame_0546791,training_ep_row_00015,15,546791,2631,1321,turn_on_lightbulb,turn_off_lightbulb,7036,6776,384,gap,False,True,True,train
session_015_frame_0546995,training_ep_row_00015,15,546995,1321,1395,turn_off_lightbulb,lift_red_block_table,7240,6572,139,gap,False,True,True,train
session_015_frame_0547741,training_ep_row_00015,15,547741,3605,965,lift_red_block_table,turn_off_lightbulb,7986,5826,151,gap,False,True,True,train
session_015_frame_0548005,training_ep_row_00015,15,548005,965,1224,turn_off_lightbulb,push_pink_block_right,8250,5562,199,gap,False,True,True,train
session_015_frame_0550750,training_ep_row_00015,15,550750,1224,3889,push_pink_block_right,place_in_slider,10995,2817,2680,gap,False,True,True,train
session_015_frame_0550950,training_ep_row_00015,15,550950,3889,64,place_in_slider,turn_off_lightbulb,11195,2617,163,gap,False,True,True,train
session_015_frame_0551928,training_ep_row_00015,15,551928,64,1043,turn_off_lightbulb,push_pink_block_right,12173,1639,913,gap,False,True,True,train
session_015_frame_0552613,training_ep_row_00015,15,552613,504,2863,push_pink_block_right,lift_red_block_table,12858,954,575,gap,False,True,True,train
session_015_frame_0552989,training_ep_row_00015,15,552989,2259,779,lift_red_block_table,lift_blue_block_slider,13234,578,-13,overlap,False,True,True,train
session_016_frame_0358728,training_ep_row_00016,16,358728,59,1075,turn_on_lightbulb,lift_red_block_table,246,2525,7,gap,False,True,True,train
session_016_frame_0359069,training_ep_row_00016,16,359069,1663,1998,lift_red_block_table,place_in_slider,587,2184,275,gap,False,True,True,train
session_016_frame_0359534,training_ep_row_00016,16,359534,1998,1511,place_in_slider,lift_blue_block_slider,1052,1719,430,gap,False,True,True,train
session_016_frame_0359714,training_ep_row_00016,16,359714,1511,585,lift_blue_block_slider,push_pink_block_right,1232,1539,115,gap,False,True,True,train
session_016_frame_0360571,training_ep_row_00016,16,360571,585,1605,push_pink_block_right,turn_off_lightbulb,2089,682,813,gap,False,True,True,train
session_016_frame_0360978,training_ep_row_00016,16,360978,2740,983,turn_off_lightbulb,place_in_slider,2496,275,338,gap,False,True,True,train
session_017_frame_0420917,training_ep_row_00017,17,420917,436,97,lift_blue_block_slider,place_in_slider,418,17956,115,gap,False,True,True,train
session_017_frame_0421487,training_ep_row_00017,17,421487,97,1553,place_in_slider,turn_off_lightbulb,988,17386,505,gap,False,True,True,train
session_017_frame_0422741,training_ep_row_00017,17,422741,4057,3632,turn_off_lightbulb,lift_red_block_table,2242,16132,184,gap,False,True,True,train
session_017_frame_0423351,training_ep_row_00017,17,423351,3632,2700,lift_red_block_table,turn_on_lightbulb,2852,15522,545,gap,False,True,True,train
session_017_frame_0424146,training_ep_row_00017,17,424146,2700,25,turn_on_lightbulb,turn_off_lightbulb,3647,14727,730,gap,False,True,True,train
session_017_frame_0424751,training_ep_row_00017,17,424751,25,3404,turn_off_lightbulb,lift_red_block_table,4252,14122,540,gap,False,True,True,train
session_017_frame_0425910,training_ep_row_00017,17,425910,3404,15,lift_red_block_table,turn_on_lightbulb,5411,12963,1094,gap,False,True,True,train
session_017_frame_0427303,training_ep_row_00017,17,427303,15,4832,turn_on_lightbulb,lift_blue_block_slider,6804,11570,1328,gap,False,True,True,train
session_017_frame_0429187,training_ep_row_00017,17,429187,4832,2922,lift_blue_block_slider,lift_red_block_table,8688,9686,1819,gap,False,True,True,train
session_017_frame_0429602,training_ep_row_00017,17,429602,2922,2033,lift_red_block_table,turn_off_lightbulb,9103,9271,378,gap,False,True,True,train
session_017_frame_0431787,training_ep_row_00017,17,431787,2275,380,turn_off_lightbulb,lift_red_block_table,11288,7086,2143,gap,False,True,True,train
session_017_frame_0431917,training_ep_row_00017,17,431917,380,3250,lift_red_block_table,turn_on_lightbulb,11418,6956,85,gap,False,True,True,train
session_017_frame_0433550,training_ep_row_00017,17,433550,3250,1362,turn_on_lightbulb,turn_off_lightbulb,13051,5323,1568,gap,False,True,True,train
session_017_frame_0436921,training_ep_row_00017,17,436921,3272,770,turn_off_lightbulb,lift_red_block_table,16422,1952,10,gap,False,True,True,train
session_017_frame_0438521,training_ep_row_00017,17,438521,1965,2881,lift_red_block_table,place_in_slider,18022,352,1526,gap,False,True,True,train
session_018_frame_0147956,training_ep_row_00018,18,147956,4316,3443,lift_blue_block_slider,turn_on_lightbulb,402,18383,167,gap,False,True,True,train
session_018_frame_0148919,training_ep_row_00018,18,148919,3443,680,turn_on_lightbulb,turn_off_lightbulb,1365,17420,898,gap,False,True,True,train
session_018_frame_0149768,training_ep_row_00018,18,149768,680,4798,turn_off_lightbulb,turn_on_lightbulb,2214,16571,784,gap,False,True,True,train
session_018_frame_0151641,training_ep_row_00018,18,151641,4798,2851,turn_on_lightbulb,turn_off_lightbulb,4087,14698,1808,gap,False,True,True,train
session_018_frame_0152184,training_ep_row_00018,18,152184,2851,3406,turn_off_lightbulb,lift_blue_block_slider,4630,14155,478,gap,False,True,True,train
session_018_frame_0153059,training_ep_row_00018,18,153059,3406,4514,lift_blue_block_slider,place_in_slider,5505,13280,810,gap,False,True,True,train
session_018_frame_0153366,training_ep_row_00018,18,153366,4514,2502,place_in_slider,push_pink_block_right,5812,12973,270,gap,False,True,True,train
session_018_frame_0153540,training_ep_row_00018,18,153540,2502,2698,push_pink_block_right,place_in_slider,5986,12799,131,gap,False,True,True,train
session_018_frame_0153583,training_ep_row_00018,18,153583,2698,4536,place_in_slider,turn_on_lightbulb,6029,12756,-4,overlap,False,True,True,train
session_018_frame_0153792,training_ep_row_00018,18,153792,4536,1691,turn_on_lightbulb,lift_blue_block_slider,6238,12547,144,gap,False,True,True,train
session_018_frame_0153983,training_ep_row_00018,18,153983,1089,1332,lift_blue_block_slider,lift_red_block_table,6429,12356,121,gap,False,True,True,train
session_018_frame_0154880,training_ep_row_00018,18,154880,384,3668,lift_red_block_table,lift_blue_block_slider,7326,11459,316,gap,False,True,True,train
session_018_frame_0155341,training_ep_row_00018,18,155341,2214,3365,lift_blue_block_slider,lift_red_block_table,7787,10998,393,gap,False,True,True,train
session_018_frame_0155522,training_ep_row_00018,18,155522,431,4975,lift_red_block_table,lift_blue_block_slider,7968,10817,114,gap,False,True,True,train
session_018_frame_0158544,training_ep_row_00018,18,158544,3719,1399,lift_blue_block_slider,lift_red_block_table,10990,7795,2198,gap,False,True,True,train
session_018_frame_0158743,training_ep_row_00018,18,158743,1399,4053,lift_red_block_table,lift_blue_block_slider,11189,7596,134,gap,False,True,True,train
session_018_frame_0161013,training_ep_row_00018,18,161013,4595,4555,lift_blue_block_slider,turn_off_lightbulb,13459,5326,2199,gap,False,True,True,train
session_018_frame_0162198,training_ep_row_00018,18,162198,4555,2433,turn_off_lightbulb,lift_blue_block_slider,14644,4141,1120,gap,False,True,True,train
session_018_frame_0162682,training_ep_row_00018,18,162682,2433,1542,lift_blue_block_slider,place_in_slider,15128,3657,419,gap,False,True,True,train
session_018_frame_0164161,training_ep_row_00018,18,164161,1542,4599,place_in_slider,lift_red_block_table,16607,2178,1414,gap,False,True,True,train
session_018_frame_0165078,training_ep_row_00018,18,165078,4599,5045,lift_red_block_table,push_pink_block_right,17524,1261,852,gap,False,True,True,train
session_018_frame_0165634,training_ep_row_00018,18,165634,5045,4116,push_pink_block_right,lift_red_block_table,18080,705,514,gap,False,True,True,train
session_019_frame_0370669,training_ep_row_00019,19,370669,138,730,lift_blue_block_slider,turn_on_lightbulb,611,11228,117,gap,False,True,True,train
session_019_frame_0371443,training_ep_row_00019,19,371443,805,3986,turn_on_lightbulb,lift_blue_block_slider,1385,10454,699,gap,False,True,True,train
session_019_frame_0371621,training_ep_row_00019,19,371621,3986,2619,lift_blue_block_slider,turn_off_lightbulb,1563,10276,113,gap,False,True,True,train
session_019_frame_0372206,training_ep_row_00019,19,372206,2619,736,turn_off_lightbulb,lift_red_block_table,2148,9691,520,gap,False,True,True,train
session_019_frame_0372436,training_ep_row_00019,19,372436,736,896,lift_red_block_table,turn_on_lightbulb,2378,9461,165,gap,False,True,True,train
session_019_frame_0372678,training_ep_row_00019,19,372678,896,267,turn_on_lightbulb,push_pink_block_right,2620,9219,199,gap,False,True,True,train
session_019_frame_0372995,training_ep_row_00019,19,372995,2515,3610,push_pink_block_right,lift_blue_block_slider,2937,8902,249,gap,False,True,True,train
session_019_frame_0374675,training_ep_row_00019,19,374675,2066,1441,lift_blue_block_slider,lift_red_block_table,4617,7222,178,gap,False,True,True,train
session_019_frame_0375274,training_ep_row_00019,19,375274,1441,917,lift_red_block_table,place_in_slider,5216,6623,534,gap,False,True,True,train
session_019_frame_0376351,training_ep_row_00019,19,376351,917,336,place_in_slider,turn_on_lightbulb,6293,5546,1041,gap,False,True,True,train
session_019_frame_0376717,training_ep_row_00019,19,376717,336,4660,turn_on_lightbulb,turn_off_lightbulb,6659,5180,301,gap,False,True,True,train
session_019_frame_0377260,training_ep_row_00019,19,377260,4660,1534,turn_off_lightbulb,turn_on_lightbulb,7202,4637,478,gap,False,True,True,train
session_019_frame_0377536,training_ep_row_00019,19,377536,1534,2621,turn_on_lightbulb,place_in_slider,7478,4361,211,gap,False,True,True,train
session_019_frame_0377935,training_ep_row_00019,19,377935,2621,1029,place_in_slider,lift_blue_block_slider,7877,3962,334,gap,False,True,True,train
session_019_frame_0379578,training_ep_row_00019,19,379578,1451,335,lift_blue_block_slider,place_in_slider,9520,2319,203,gap,False,True,True,train
session_019_frame_0379909,training_ep_row_00019,19,379909,335,1459,place_in_slider,lift_blue_block_slider,9851,1988,292,gap,False,True,True,train
session_019_frame_0380050,training_ep_row_00019,19,380050,1459,757,lift_blue_block_slider,lift_red_block_table,9992,1847,76,gap,False,True,True,train
session_019_frame_0380758,training_ep_row_00019,19,380758,757,3346,lift_red_block_table,push_pink_block_right,10700,1139,643,gap,False,True,True,train
session_019_frame_0381662,training_ep_row_00019,19,381662,4959,1494,push_pink_block_right,turn_off_lightbulb,11604,235,825,gap,False,True,True,train
session_020_frame_0579695,training_ep_row_00020,20,579695,2636,3197,turn_on_lightbulb,turn_off_lightbulb,1437,9372,1308,gap,False,True,True,development
session_020_frame_0580883,training_ep_row_00020,20,580883,3197,1178,turn_off_lightbulb,push_pink_block_right,2625,8184,1123,gap,False,True,True,development
session_020_frame_0582778,training_ep_row_00020,20,582778,584,4659,push_pink_block_right,lift_red_block_table,4520,6289,1833,gap,False,True,True,development
session_020_frame_0582939,training_ep_row_00020,20,582939,4659,2710,lift_red_block_table,turn_on_lightbulb,4681,6128,96,gap,False,True,True,development
session_020_frame_0583562,training_ep_row_00020,20,583562,2710,156,turn_on_lightbulb,turn_off_lightbulb,5304,5505,558,gap,False,True,True,development
session_020_frame_0583877,training_ep_row_00020,20,583877,156,3635,turn_off_lightbulb,lift_red_block_table,5619,5190,250,gap,False,True,True,development
session_020_frame_0585203,training_ep_row_00020,20,585203,3635,4650,lift_red_block_table,place_in_slider,6945,3864,1290,gap,False,True,True,development
session_020_frame_0585889,training_ep_row_00020,20,585889,4579,2622,place_in_slider,push_pink_block_right,7631,3178,626,gap,False,True,True,development
session_020_frame_0586180,training_ep_row_00020,20,586180,3725,1977,push_pink_block_right,turn_off_lightbulb,7922,2887,248,gap,False,True,True,development
session_020_frame_0586866,training_ep_row_00020,20,586866,1977,921,turn_off_lightbulb,push_pink_block_right,8608,2201,621,gap,False,True,True,development
session_020_frame_0588428,training_ep_row_00020,20,588428,2620,213,push_pink_block_right,place_in_slider,10170,639,1508,gap,False,True,True,development
session_021_frame_0274728,training_ep_row_00021,21,274728,1021,2202,lift_red_block_table,lift_blue_block_slider,2009,24198,266,gap,False,True,True,development
session_021_frame_0274881,training_ep_row_00021,21,274881,2202,2939,lift_blue_block_slider,lift_red_block_table,2162,24045,88,gap,False,True,True,development
session_021_frame_0276050,training_ep_row_00021,21,276050,2939,3472,lift_red_block_table,place_in_slider,3331,22876,1104,gap,False,True,True,development
session_021_frame_0277211,training_ep_row_00021,21,277211,3472,875,place_in_slider,turn_on_lightbulb,4492,21715,1124,gap,False,True,True,development
session_021_frame_0278107,training_ep_row_00021,21,278107,4802,2841,turn_on_lightbulb,turn_off_lightbulb,5388,20819,826,gap,False,True,True,development
session_021_frame_0278636,training_ep_row_00021,21,278636,185,2696,turn_off_lightbulb,turn_on_lightbulb,5917,20290,451,gap,False,True,True,development
session_021_frame_0278943,training_ep_row_00021,21,278943,2696,3045,turn_on_lightbulb,push_pink_block_right,6224,19983,242,gap,False,True,True,development
session_021_frame_0279204,training_ep_row_00021,21,279204,3045,3207,push_pink_block_right,place_in_slider,6485,19722,196,gap,False,True,True,development
session_021_frame_0280450,training_ep_row_00021,21,280450,3207,3407,place_in_slider,turn_on_lightbulb,7731,18476,1203,gap,False,True,True,development
session_021_frame_0281334,training_ep_row_00021,21,281334,3407,3026,turn_on_lightbulb,lift_blue_block_slider,8615,17592,819,gap,False,True,True,development
session_021_frame_0281757,training_ep_row_00021,21,281757,3026,4582,lift_blue_block_slider,turn_off_lightbulb,9038,17169,358,gap,False,True,True,development
session_021_frame_0282461,training_ep_row_00021,21,282461,2675,509,turn_off_lightbulb,push_pink_block_right,9742,16465,545,gap,False,True,True,development
session_021_frame_0283537,training_ep_row_00021,21,283537,531,1572,push_pink_block_right,turn_off_lightbulb,10818,15389,1004,gap,False,True,True,development
session_021_frame_0284931,training_ep_row_00021,21,284931,1572,4967,turn_off_lightbulb,push_pink_block_right,12212,13995,1329,gap,False,True,True,development
session_021_frame_0285226,training_ep_row_00021,21,285226,4967,2717,push_pink_block_right,place_in_slider,12507,13700,230,gap,False,True,True,development
session_021_frame_0285274,training_ep_row_00021,21,285274,2717,1392,place_in_slider,lift_red_block_table,12555,13652,10,gap,False,True,True,development
session_021_frame_0286393,training_ep_row_00021,21,286393,4864,4750,lift_red_block_table,place_in_slider,13674,12533,1049,gap,False,True,True,development
session_021_frame_0286439,training_ep_row_00021,21,286439,4697,988,place_in_slider,turn_off_lightbulb,13720,12487,1,gap,False,True,True,development
session_021_frame_0287897,training_ep_row_00021,21,287897,3369,3876,turn_off_lightbulb,place_in_slider,15178,11029,174,gap,False,True,True,development
session_021_frame_0288336,training_ep_row_00021,21,288336,3876,3525,place_in_slider,turn_on_lightbulb,15617,10590,374,gap,False,True,True,development
session_021_frame_0289928,training_ep_row_00021,21,289928,4026,3323,turn_on_lightbulb,lift_blue_block_slider,17209,8998,499,gap,False,True,True,development
session_021_frame_0290830,training_ep_row_00021,21,290830,3323,564,lift_blue_block_slider,push_pink_block_right,18111,8096,837,gap,False,True,True,development
session_021_frame_0291104,training_ep_row_00021,21,291104,564,4110,push_pink_block_right,turn_on_lightbulb,18385,7822,234,gap,False,True,True,development
session_021_frame_0291274,training_ep_row_00021,21,291274,4110,2914,turn_on_lightbulb,lift_blue_block_slider,18555,7652,105,gap,False,True,True,development
session_021_frame_0291941,training_ep_row_00021,21,291941,4310,2947,lift_blue_block_slider,lift_red_block_table,19222,6985,608,gap,False,True,True,development
session_021_frame_0292259,training_ep_row_00021,21,292259,3894,3895,lift_red_block_table,place_in_slider,19540,6667,275,gap,False,True,True,development
session_021_frame_0292430,training_ep_row_00021,21,292430,3895,1478,place_in_slider,turn_on_lightbulb,19711,6496,122,gap,False,True,True,development
session_021_frame_0292905,training_ep_row_00021,21,292905,1478,3252,turn_on_lightbulb,lift_red_block_table,20186,6021,410,gap,False,True,True,development
session_021_frame_0293127,training_ep_row_00021,21,293127,3252,2260,lift_red_block_table,lift_blue_block_slider,20408,5799,157,gap,False,True,True,development
session_021_frame_0293869,training_ep_row_00021,21,293869,2260,836,lift_blue_block_slider,place_in_slider,21150,5057,677,gap,False,True,True,development
session_021_frame_0293927,training_ep_row_00021,21,293927,1581,943,place_in_slider,turn_on_lightbulb,21208,4999,8,gap,False,True,True,development
session_021_frame_0297420,training_ep_row_00021,21,297420,943,246,turn_on_lightbulb,place_in_slider,24701,1506,3428,gap,False,True,True,development
session_021_frame_0297626,training_ep_row_00021,21,297626,246,2765,place_in_slider,turn_off_lightbulb,24907,1300,157,gap,False,True,True,development
session_021_frame_0298033,training_ep_row_00021,21,298033,191,2791,turn_off_lightbulb,place_in_slider,25314,893,341,gap,False,True,True,development
session_022_frame_0343596,training_ep_row_00022,22,343596,2122,3521,place_in_slider,turn_on_lightbulb,806,5768,307,gap,False,True,True,train
session_022_frame_0344238,training_ep_row_00022,22,344238,3521,274,turn_on_lightbulb,turn_off_lightbulb,1448,5126,577,gap,False,True,True,train
session_022_frame_0346081,training_ep_row_00022,22,346081,274,112,turn_off_lightbulb,place_in_slider,3291,3283,1778,gap,False,True,True,train
session_022_frame_0347192,training_ep_row_00022,22,347192,2850,2699,place_in_slider,turn_on_lightbulb,4402,2172,8,gap,False,True,True,train
session_022_frame_0348640,training_ep_row_00022,22,348640,2699,3797,turn_on_lightbulb,push_pink_block_right,5850,724,1383,gap,False,True,True,train
session_022_frame_0348818,training_ep_row_00022,22,348818,3797,2398,push_pink_block_right,lift_blue_block_slider,6028,546,133,gap,False,True,True,train
session_023_frame_0591156,training_ep_row_00023,23,591156,3419,4282,lift_red_block_table,push_pink_block_right,2089,2723,273,gap,False,True,True,train
session_023_frame_0591413,training_ep_row_00023,23,591413,1854,4624,push_pink_block_right,turn_on_lightbulb,2346,2466,165,gap,False,True,True,train
session_023_frame_0591590,training_ep_row_00023,23,591590,4624,577,turn_on_lightbulb,push_pink_block_right,2523,2289,112,gap,False,True,True,train
session_023_frame_0591737,training_ep_row_00023,23,591737,3131,2206,push_pink_block_right,place_in_slider,2670,2142,72,gap,False,True,True,train
session_024_frame_0104801,training_ep_row_00024,24,104801,1002,3954,place_in_slider,lift_red_block_table,1675,17376,488,gap,False,True,True,test
session_024_frame_0104847,training_ep_row_00024,24,104847,3954,4518,lift_red_block_table,place_in_slider,1721,17330,-19,overlap,False,True,True,test
session_024_frame_0104918,training_ep_row_00024,24,104918,4518,3548,place_in_slider,turn_off_lightbulb,1792,17259,6,gap,False,True,True,test
session_024_frame_0105996,training_ep_row_00024,24,105996,3548,2161,turn_off_lightbulb,lift_red_block_table,2870,16181,1013,gap,False,True,True,test
session_024_frame_0106345,training_ep_row_00024,24,106345,2161,3217,lift_red_block_table,turn_on_lightbulb,3219,15832,312,gap,False,True,True,test
session_024_frame_0106968,training_ep_row_00024,24,106968,3217,990,turn_on_lightbulb,lift_blue_block_slider,3842,15209,558,gap,False,True,True,test
session_024_frame_0107355,training_ep_row_00024,24,107355,990,3320,lift_blue_block_slider,place_in_slider,4229,14822,322,gap,False,True,True,test
session_024_frame_0107631,training_ep_row_00024,24,107631,3320,2799,place_in_slider,push_pink_block_right,4505,14546,211,gap,False,True,True,test
session_024_frame_0109119,training_ep_row_00024,24,109119,2509,731,push_pink_block_right,turn_on_lightbulb,5993,13058,1409,gap,False,True,True,test
session_024_frame_0109548,training_ep_row_00024,24,109548,3377,4593,turn_on_lightbulb,turn_off_lightbulb,6422,12629,360,gap,False,True,True,test
session_024_frame_0110632,training_ep_row_00024,24,110632,4593,1303,turn_off_lightbulb,turn_on_lightbulb,7506,11545,1019,gap,False,True,True,test
session_024_frame_0111200,training_ep_row_00024,24,111200,1303,4762,turn_on_lightbulb,turn_off_lightbulb,8074,10977,503,gap,False,True,True,test
session_024_frame_0111462,training_ep_row_00024,24,111462,4762,2394,turn_off_lightbulb,push_pink_block_right,8336,10715,197,gap,False,True,True,test
session_024_frame_0112681,training_ep_row_00024,24,112681,4424,313,push_pink_block_right,turn_on_lightbulb,9555,9496,1171,gap,False,True,True,test
session_024_frame_0112980,training_ep_row_00024,24,112980,313,3541,turn_on_lightbulb,lift_red_block_table,9854,9197,259,gap,False,True,True,test
session_024_frame_0113021,training_ep_row_00024,24,113021,3541,339,lift_red_block_table,place_in_slider,9895,9156,-24,overlap,False,True,True,test
session_024_frame_0113471,training_ep_row_00024,24,113471,3298,907,place_in_slider,turn_off_lightbulb,10345,8706,396,gap,False,True,True,test
session_024_frame_0114457,training_ep_row_00024,24,114457,3518,4761,turn_off_lightbulb,turn_on_lightbulb,11331,7720,913,gap,False,True,True,test
session_024_frame_0115165,training_ep_row_00024,24,115165,4761,4631,turn_on_lightbulb,push_pink_block_right,12039,7012,643,gap,False,True,True,test
session_024_frame_0115969,training_ep_row_00024,24,115969,2731,334,push_pink_block_right,lift_red_block_table,12843,6208,757,gap,False,True,True,test
session_024_frame_0117421,training_ep_row_00024,24,117421,334,3378,lift_red_block_table,place_in_slider,14295,4756,1387,gap,False,True,True,test
session_024_frame_0117747,training_ep_row_00024,24,117747,4199,4597,place_in_slider,turn_on_lightbulb,14621,4430,90,gap,False,True,True,test
session_024_frame_0117812,training_ep_row_00024,24,117812,4597,3135,turn_on_lightbulb,push_pink_block_right,14686,4365,28,gap,False,True,True,test
session_024_frame_0118294,training_ep_row_00024,24,118294,3135,806,push_pink_block_right,place_in_slider,15168,3883,417,gap,False,True,True,test
session_024_frame_0118560,training_ep_row_00024,24,118560,806,2402,place_in_slider,lift_blue_block_slider,15434,3617,225,gap,False,True,True,test
session_024_frame_0118743,training_ep_row_00024,24,118743,2402,4557,lift_blue_block_slider,place_in_slider,15617,3434,118,gap,False,True,True,test
session_024_frame_0119186,training_ep_row_00024,24,119186,4557,2265,place_in_slider,turn_off_lightbulb,16060,2991,407,gap,False,True,True,test
session_024_frame_0119826,training_ep_row_00024,24,119826,4513,2234,turn_off_lightbulb,place_in_slider,16700,2351,572,gap,False,True,True,test
session_024_frame_0120387,training_ep_row_00024,24,120387,2234,1546,place_in_slider,lift_blue_block_slider,17261,1790,520,gap,False,True,True,test
session_024_frame_0120451,training_ep_row_00024,24,120451,1546,3892,lift_blue_block_slider,turn_on_lightbulb,17325,1726,-1,overlap,False,True,True,test
session_024_frame_0121445,training_ep_row_00024,24,121445,3892,2063,turn_on_lightbulb,lift_red_block_table,18319,732,929,gap,False,True,True,test
session_024_frame_0122062,training_ep_row_00024,24,122062,675,1938,lift_red_block_table,turn_off_lightbulb,18936,115,238,gap,False,True,True,test
session_025_frame_0315383,training_ep_row_00025,25,315383,3550,3208,lift_red_block_table,lift_blue_block_slider,7313,15984,5602,gap,False,True,True,development
session_025_frame_0316363,training_ep_row_00025,25,316363,3208,1404,lift_blue_block_slider,place_in_slider,8293,15004,915,gap,False,True,True,development
session_025_frame_0316548,training_ep_row_00025,25,316548,1404,2035,place_in_slider,turn_on_lightbulb,8478,14819,120,gap,False,True,True,development
session_025_frame_0317123,training_ep_row_00025,25,317123,2035,203,turn_on_lightbulb,turn_off_lightbulb,9053,14244,510,gap,False,True,True,development
session_025_frame_0317462,training_ep_row_00025,25,317462,203,2889,turn_off_lightbulb,lift_red_block_table,9392,13905,274,gap,False,True,True,development
session_025_frame_0317804,training_ep_row_00025,25,317804,1667,4714,lift_red_block_table,turn_on_lightbulb,9734,13563,271,gap,False,True,True,development
session_025_frame_0317902,training_ep_row_00025,25,317902,3922,1752,turn_on_lightbulb,lift_blue_block_slider,9832,13465,31,gap,False,True,True,development
session_025_frame_0320849,training_ep_row_00025,25,320849,2966,4786,lift_blue_block_slider,turn_off_lightbulb,12779,10518,1236,gap,False,True,True,development
session_025_frame_0321355,training_ep_row_00025,25,321355,695,4348,turn_off_lightbulb,lift_blue_block_slider,13285,10012,430,gap,False,True,True,development
session_025_frame_0322213,training_ep_row_00025,25,322213,4850,2683,lift_blue_block_slider,place_in_slider,14143,9154,790,gap,False,True,True,development
session_025_frame_0324580,training_ep_row_00025,25,324580,2683,2875,place_in_slider,turn_on_lightbulb,16510,6787,2330,gap,False,True,True,development
session_025_frame_0325125,training_ep_row_00025,25,325125,2875,4673,turn_on_lightbulb,turn_off_lightbulb,17055,6242,480,gap,False,True,True,development
session_025_frame_0327836,training_ep_row_00025,25,327836,4149,395,turn_off_lightbulb,lift_red_block_table,19766,3531,239,gap,False,True,True,development
session_025_frame_0329120,training_ep_row_00025,25,329120,395,1160,lift_red_block_table,lift_blue_block_slider,21050,2247,1219,gap,False,True,True,development
session_025_frame_0330374,training_ep_row_00025,25,330374,1160,735,lift_blue_block_slider,turn_on_lightbulb,22304,993,1189,gap,False,True,True,development
session_026_frame_0085150,training_ep_row_00026,26,85150,5033,4134,push_pink_block_right,turn_on_lightbulb,934,17976,11,gap,False,True,True,test
session_026_frame_0085586,training_ep_row_00026,26,85586,4134,248,turn_on_lightbulb,place_in_slider,1370,17540,371,gap,False,True,True,test
session_026_frame_0087185,training_ep_row_00026,26,87185,874,1519,place_in_slider,lift_red_block_table,2969,15941,283,gap,False,True,True,test
session_026_frame_0089060,training_ep_row_00026,26,89060,3350,4335,lift_red_block_table,lift_blue_block_slider,4844,14066,1528,gap,False,True,True,test
session_026_frame_0090667,training_ep_row_00026,26,90667,4335,4004,lift_blue_block_slider,turn_on_lightbulb,6451,12459,1542,gap,False,True,True,test
session_026_frame_0090880,training_ep_row_00026,26,90880,4004,2743,turn_on_lightbulb,place_in_slider,6664,12246,166,gap,False,True,True,test
session_026_frame_0092733,training_ep_row_00026,26,92733,2743,2189,place_in_slider,turn_off_lightbulb,8517,10393,1817,gap,False,True,True,test
session_026_frame_0095085,training_ep_row_00026,26,95085,2189,3683,turn_off_lightbulb,lift_blue_block_slider,10869,8041,2287,gap,False,True,True,test
session_026_frame_0096561,training_ep_row_00026,26,96561,3683,4780,lift_blue_block_slider,turn_on_lightbulb,12345,6565,1411,gap,False,True,True,test
session_026_frame_0096677,training_ep_row_00026,26,96677,4780,4811,turn_on_lightbulb,lift_blue_block_slider,12461,6449,51,gap,False,True,True,test
session_026_frame_0096885,training_ep_row_00026,26,96885,1673,1163,lift_blue_block_slider,push_pink_block_right,12669,6241,138,gap,False,True,True,test
session_026_frame_0098417,training_ep_row_00026,26,98417,5068,4737,push_pink_block_right,place_in_slider,14201,4709,283,gap,False,True,True,test
session_026_frame_0099169,training_ep_row_00026,26,99169,4737,4734,place_in_slider,turn_off_lightbulb,14953,3957,713,gap,False,True,True,test
session_026_frame_0099331,training_ep_row_00026,26,99331,4734,108,turn_off_lightbulb,lift_blue_block_slider,15115,3795,97,gap,False,True,True,test
session_026_frame_0099666,training_ep_row_00026,26,99666,108,778,lift_blue_block_slider,turn_on_lightbulb,15450,3460,270,gap,False,True,True,test
session_026_frame_0099926,training_ep_row_00026,26,99926,778,1956,turn_on_lightbulb,place_in_slider,15710,3200,195,gap,False,True,True,test
session_026_frame_0102064,training_ep_row_00026,26,102064,3875,2665,place_in_slider,turn_off_lightbulb,17848,1062,711,gap,False,True,True,test
session_027_frame_0302451,training_ep_row_00027,27,302451,4203,2256,lift_red_block_table,place_in_slider,3525,5619,-15,overlap,False,True,True,train
session_027_frame_0302712,training_ep_row_00027,27,302712,2256,4746,place_in_slider,turn_off_lightbulb,3786,5358,196,gap,False,True,True,train
session_027_frame_0303335,training_ep_row_00027,27,303335,4746,1001,turn_off_lightbulb,lift_red_block_table,4409,4735,558,gap,False,True,True,train
session_027_frame_0303423,training_ep_row_00027,27,303423,1001,2130,lift_red_block_table,turn_on_lightbulb,4497,4647,23,gap,False,True,True,train
session_027_frame_0305217,training_ep_row_00027,27,305217,2130,128,turn_on_lightbulb,lift_red_block_table,6291,2853,1750,gap,False,True,True,train
session_027_frame_0305439,training_ep_row_00027,27,305439,128,2,lift_red_block_table,turn_off_lightbulb,6513,2631,157,gap,False,True,True,train
session_027_frame_0306833,training_ep_row_00027,27,306833,2,1679,turn_off_lightbulb,lift_red_block_table,7907,1237,1329,gap,False,True,True,train
session_027_frame_0307699,training_ep_row_00027,27,307699,2186,2085,lift_red_block_table,turn_off_lightbulb,8773,371,795,gap,False,True,True,train
session_028_frame_0480162,training_ep_row_00028,28,480162,4679,3733,turn_on_lightbulb,push_pink_block_right,2702,17141,2413,gap,False,True,True,train
session_028_frame_0481226,training_ep_row_00028,28,481226,3394,2707,push_pink_block_right,place_in_slider,3766,16077,66,gap,False,True,True,train
session_028_frame_0481663,training_ep_row_00028,28,481663,2707,221,place_in_slider,lift_blue_block_slider,4203,15640,397,gap,False,True,True,train
session_028_frame_0482975,training_ep_row_00028,28,482975,221,341,lift_blue_block_slider,turn_off_lightbulb,5515,14328,1247,gap,False,True,True,train
session_028_frame_0485112,training_ep_row_00028,28,485112,341,4109,turn_off_lightbulb,place_in_slider,7652,12191,2072,gap,False,True,True,train
session_028_frame_0485797,training_ep_row_00028,28,485797,4109,1400,place_in_slider,turn_off_lightbulb,8337,11506,620,gap,False,True,True,train
session_028_frame_0486871,training_ep_row_00028,28,486871,1537,398,turn_off_lightbulb,lift_red_block_table,9411,10432,650,gap,False,True,True,train
session_028_frame_0486941,training_ep_row_00028,28,486941,398,3869,lift_red_block_table,turn_on_lightbulb,9481,10362,5,gap,False,True,True,train
session_028_frame_0487936,training_ep_row_00028,28,487936,3869,4971,turn_on_lightbulb,push_pink_block_right,10476,9367,947,gap,False,True,True,train
session_028_frame_0488540,training_ep_row_00028,28,488540,1148,3421,push_pink_block_right,lift_blue_block_slider,11080,8763,532,gap,False,True,True,train
session_028_frame_0488727,training_ep_row_00028,28,488727,3421,2108,lift_blue_block_slider,turn_on_lightbulb,11267,8576,122,gap,False,True,True,train
session_028_frame_0489534,training_ep_row_00028,28,489534,2108,1447,turn_on_lightbulb,turn_off_lightbulb,12074,7769,742,gap,False,True,True,train
session_028_frame_0489856,training_ep_row_00028,28,489856,1447,826,turn_off_lightbulb,turn_on_lightbulb,12396,7447,257,gap,False,True,True,train
session_028_frame_0490459,training_ep_row_00028,28,490459,826,333,turn_on_lightbulb,turn_off_lightbulb,12999,6844,538,gap,False,True,True,train
session_028_frame_0491114,training_ep_row_00028,28,491114,333,1181,turn_off_lightbulb,lift_blue_block_slider,13654,6189,590,gap,False,True,True,train
session_028_frame_0491354,training_ep_row_00028,28,491354,1181,3204,lift_blue_block_slider,turn_off_lightbulb,13894,5949,175,gap,False,True,True,train
session_028_frame_0492564,training_ep_row_00028,28,492564,3204,2349,turn_off_lightbulb,lift_blue_block_slider,15104,4739,1145,gap,False,True,True,train
session_028_frame_0493065,training_ep_row_00028,28,493065,2349,598,lift_blue_block_slider,push_pink_block_right,15605,4238,436,gap,False,True,True,train
session_028_frame_0493818,training_ep_row_00028,28,493818,598,4710,push_pink_block_right,place_in_slider,16358,3485,688,gap,False,True,True,train
session_028_frame_0494147,training_ep_row_00028,28,494147,953,273,place_in_slider,turn_on_lightbulb,16687,3156,282,gap,False,True,True,train
session_028_frame_0496335,training_ep_row_00028,28,496335,273,1583,turn_on_lightbulb,place_in_slider,18875,968,2123,gap,False,True,True,train
session_028_frame_0496482,training_ep_row_00028,28,496482,1583,905,place_in_slider,turn_off_lightbulb,19022,821,104,gap,False,True,True,train
session_029_frame_0064307,training_ep_row_00029,29,64307,2065,1939,place_in_slider,turn_off_lightbulb,1073,19909,659,gap,False,True,True,development
session_029_frame_0064679,training_ep_row_00029,29,64679,1939,65,turn_off_lightbulb,place_in_slider,1445,19537,307,gap,False,True,True,development
session_029_frame_0064803,training_ep_row_00029,29,64803,4632,2230,place_in_slider,turn_on_lightbulb,1569,19413,80,gap,False,True,True,development
session_029_frame_0065624,training_ep_row_00029,29,65624,2230,3335,turn_on_lightbulb,lift_red_block_table,2390,18592,756,gap,False,True,True,development
session_029_frame_0069830,training_ep_row_00029,29,69830,1563,3960,lift_red_block_table,place_in_slider,6596,14386,3729,gap,False,True,True,development
session_029_frame_0070023,training_ep_row_00029,29,70023,3960,3048,place_in_slider,lift_blue_block_slider,6789,14193,159,gap,False,True,True,development
session_029_frame_0070241,training_ep_row_00029,29,70241,4611,3362,lift_blue_block_slider,place_in_slider,7007,13975,145,gap,False,True,True,development
session_029_frame_0070466,training_ep_row_00029,29,70466,3362,1015,place_in_slider,push_pink_block_right,7232,13750,180,gap,False,True,True,development
session_029_frame_0073542,training_ep_row_00029,29,73542,1015,4574,push_pink_block_right,place_in_slider,10308,10674,3011,gap,False,True,True,development
session_029_frame_0073783,training_ep_row_00029,29,73783,4574,2345,place_in_slider,lift_red_block_table,10549,10433,176,gap,False,True,True,development
session_029_frame_0074428,training_ep_row_00029,29,74428,2345,4763,lift_red_block_table,lift_blue_block_slider,11194,9788,599,gap,False,True,True,development
session_029_frame_0075466,training_ep_row_00029,29,75466,4763,3316,lift_blue_block_slider,turn_on_lightbulb,12232,8750,973,gap,False,True,True,development
session_029_frame_0077051,training_ep_row_00029,29,77051,3316,3780,turn_on_lightbulb,push_pink_block_right,13817,7165,1546,gap,False,True,True,development
session_029_frame_0078784,training_ep_row_00029,29,78784,5050,1111,push_pink_block_right,lift_blue_block_slider,15550,5432,1659,gap,False,True,True,development
session_029_frame_0079137,training_ep_row_00029,29,79137,88,3929,lift_blue_block_slider,turn_off_lightbulb,15903,5079,275,gap,False,True,True,development
session_029_frame_0081288,training_ep_row_00029,29,81288,3190,2356,turn_off_lightbulb,lift_red_block_table,18054,2928,321,gap,False,True,True,development
session_029_frame_0083978,training_ep_row_00029,29,83978,2356,2792,lift_red_block_table,turn_on_lightbulb,20744,238,2625,gap,False,True,True,development
session_030_frame_0594650,training_ep_row_00030,30,594650,3461,3506,turn_on_lightbulb,place_in_slider,771,16449,676,gap,False,True,True,test
session_030_frame_0594821,training_ep_row_00030,30,594821,3506,4365,place_in_slider,push_pink_block_right,942,16278,128,gap,False,True,True,test
session_030_frame_0595397,training_ep_row_00030,30,595397,1457,857,push_pink_block_right,place_in_slider,1518,15702,414,gap,False,True,True,test
session_030_frame_0596050,training_ep_row_00030,30,596050,857,1158,place_in_slider,lift_blue_block_slider,2171,15049,608,gap,False,True,True,test
session_030_frame_0599188,training_ep_row_00030,30,599188,1051,4896,lift_blue_block_slider,lift_red_block_table,5309,11911,1423,gap,False,True,True,test
session_030_frame_0599234,training_ep_row_00030,30,599234,4896,691,lift_red_block_table,place_in_slider,5355,11865,-19,overlap,False,True,True,test
session_030_frame_0599896,training_ep_row_00030,30,599896,691,1246,place_in_slider,push_pink_block_right,6017,11203,597,gap,False,True,True,test
session_030_frame_0600094,training_ep_row_00030,30,600094,1226,3540,push_pink_block_right,turn_on_lightbulb,6215,11005,156,gap,False,True,True,test
session_030_frame_0600458,training_ep_row_00030,30,600458,3540,856,turn_on_lightbulb,turn_off_lightbulb,6579,10641,299,gap,False,True,True,test
session_030_frame_0603320,training_ep_row_00030,30,603320,856,2602,turn_off_lightbulb,lift_blue_block_slider,9441,7779,2797,gap,False,True,True,test
session_030_frame_0603729,training_ep_row_00030,30,603729,4976,2614,lift_blue_block_slider,turn_off_lightbulb,9850,7370,338,gap,False,True,True,test
session_030_frame_0604527,training_ep_row_00030,30,604527,2614,5005,turn_off_lightbulb,lift_blue_block_slider,10648,6572,733,gap,False,True,True,test
session_030_frame_0604719,training_ep_row_00030,30,604719,4656,30,lift_blue_block_slider,turn_on_lightbulb,10840,6380,130,gap,False,True,True,test
session_030_frame_0609527,training_ep_row_00030,30,609527,30,4129,turn_on_lightbulb,turn_off_lightbulb,15648,1572,4743,gap,False,True,True,test
