sample,session,goal,horizon,HorizonCoreGain,D2_full_cosine,D2_execution_cosine,D2_full_mse,goal_mean_full_mse,D2_execution_mse,goal_mean_execution_mse
0,3,turn_off_lightbulb,1,-0.7342052459716797,0.8584451079368591,0.8382824659347534,0.5380688309669495,1.066588044166565,0.4526955485343933,0.8060007095336914
1,3,lift_red_block_table,1,-0.701265811920166,0.7673186659812927,0.790235698223114,0.7293857336044312,1.302778720855713,0.8431118726730347,1.5279922485351562
2,3,lift_blue_block_slider,1,-2.5348503589630127,0.3982478082180023,0.537919819355011,0.2982538938522339,0.4565373659133911,0.2894933223724365,0.4636024832725525
3,3,push_pink_block_right,1,-0.4002041816711426,0.815711259841919,0.7057894468307495,1.2923221588134766,2.7801783084869385,1.3403921127319336,2.7277848720550537
4,3,turn_on_lightbulb,1,-0.057919979095458984,-0.3098756968975067,-0.09200981259346008,4.387640953063965,4.372054576873779,5.750250816345215,7.150591850280762
5,3,lift_red_block_table,1,0.1417999267578125,0.2738846242427826,0.3612683117389679,1.7146656513214111,2.018524646759033,1.1936872005462646,1.8204591274261475
6,3,turn_on_lightbulb,1,-0.7758240699768066,0.7842037677764893,0.8571497201919556,0.46941113471984863,1.1678025722503662,0.5152460336685181,1.4654393196105957
7,3,lift_red_block_table,1,-0.9752140045166016,0.5499248504638672,0.7047405242919922,1.2964533567428589,1.51010262966156,1.0550132989883423,1.614133596420288
8,3,place_in_slider,1,-0.2100815773010254,0.941004753112793,0.9605997800827026,0.34350770711898804,1.2497092485427856,0.3837437629699707,2.0716099739074707
9,3,turn_on_lightbulb,1,-1.2246193885803223,0.5129188895225525,0.2812577784061432,0.754086434841156,1.2466402053833008,0.8607902526855469,1.2441680431365967
10,3,lift_red_block_table,1,-0.9566130638122559,0.2057325392961502,0.48087215423583984,0.9218688607215881,1.084650993347168,0.6566702127456665,0.9836173057556152
11,3,place_in_slider,1,-0.617448091506958,0.8613728880882263,0.8506117463111877,0.17732584476470947,0.9132896661758423,0.2337666004896164,1.5599054098129272
12,3,turn_on_lightbulb,1,-0.469881534576416,0.742631733417511,0.8359705805778503,0.8794103264808655,1.745407223701477,1.0811779499053955,2.550790786743164
13,3,turn_off_lightbulb,1,-0.41266465187072754,0.3885253667831421,0.24185067415237427,0.7021883726119995,0.9124489426612854,0.8747127056121826,1.2656221389770508
14,3,lift_blue_block_slider,1,-0.824397087097168,0.2838522791862488,0.7060913443565369,2.152834892272949,2.256805181503296,1.7725120782852173,2.677978754043579
15,3,lift_red_block_table,1,-2.752678394317627,-0.31608250737190247,0.42550408840179443,5.498532772064209,4.153843402862549,1.1976685523986816,1.26800537109375
16,3,turn_off_lightbulb,1,-0.48255491256713867,0.7824286222457886,0.7915953993797302,2.297743797302246,3.160475730895996,2.1902265548706055,3.497606039047241
17,3,turn_on_lightbulb,1,-0.01047658920288086,0.9100341200828552,0.86702960729599,1.1986188888549805,3.0882081985473633,0.47007185220718384,1.0264785289764404
18,3,lift_red_block_table,1,-0.462526798248291,0.6158034205436707,0.4585438370704651,1.856846809387207,2.3495678901672363,2.991135358810425,3.086168050765991
19,3,turn_off_lightbulb,1,0.4265012741088867,0.7030726075172424,0.6326424479484558,1.6857131719589233,2.3834333419799805,1.8664977550506592,2.617264747619629
20,3,place_in_slider,1,-0.23106622695922852,0.8025118708610535,0.5619202256202698,0.5739792585372925,1.3028099536895752,0.32094258069992065,0.9087225198745728
21,3,turn_on_lightbulb,1,-1.5175023078918457,0.5986865162849426,0.2611352801322937,1.1747493743896484,2.1855616569519043,0.9928316473960876,1.5229957103729248
22,3,turn_off_lightbulb,1,0.1533946990966797,0.8197368383407593,0.8210986256599426,1.0818818807601929,2.7911884784698486,0.6451035141944885,1.2667226791381836
23,3,turn_on_lightbulb,1,-1.1075139045715332,0.7263683080673218,0.7497475743293762,1.5581364631652832,2.9466869831085205,0.72444748878479,1.2914092540740967
24,3,turn_off_lightbulb,1,-0.3957488536834717,0.911964476108551,0.9411221146583557,0.6743791699409485,1.5496524572372437,0.9544960260391235,2.422502040863037
25,3,lift_blue_block_slider,1,0.07731437683105469,0.6338479518890381,0.7467310428619385,0.9737279415130615,1.3462198972702026,0.8988450765609741,1.507788062095642
26,3,turn_on_lightbulb,1,-1.201436996459961,0.25424501299858093,0.791691243648529,1.8847895860671997,1.176858901977539,1.08107328414917,1.438415288925171
27,3,place_in_slider,1,-0.44762349128723145,0.8810727596282959,0.9201303720474243,0.41716405749320984,1.3811613321304321,0.5235981941223145,2.1869540214538574
28,3,turn_off_lightbulb,1,-0.5835747718811035,0.6211227774620056,0.5811721682548523,1.352102518081665,1.9661526679992676,1.8188084363937378,2.6146280765533447
29,3,turn_on_lightbulb,1,-1.021733045578003,0.6496770977973938,0.5229447484016418,1.1594085693359375,2.2973670959472656,0.7184985280036926,1.213492512702942
30,3,place_in_slider,1,-0.36055660247802734,0.7573875784873962,0.8297205567359924,0.7527785301208496,1.3683557510375977,0.9843062162399292,2.0816268920898438
31,3,turn_off_lightbulb,1,-0.5868310928344727,0.5128078460693359,0.6946535706520081,2.902801275253296,3.5587263107299805,4.163084983825684,5.971060752868652
32,3,place_in_slider,1,-0.14660310745239258,0.8506013751029968,0.880222737789154,0.8133028745651245,1.4139528274536133,0.7861855030059814,1.622915267944336
33,3,push_pink_block_right,1,-0.21073579788208008,0.6444684863090515,0.7075797915458679,2.085035800933838,2.8302955627441406,3.074155569076538,4.528826713562012
34,3,place_in_slider,1,-0.27007627487182617,0.9081240296363831,0.9536314606666565,0.3929106593132019,1.0841186046600342,0.37446796894073486,1.6364516019821167
35,10,place_in_slider,1,-0.2892923355102539,0.9227775931358337,0.9415037035942078,0.4118030071258545,1.2927706241607666,0.43566083908081055,2.05063796043396
36,10,turn_off_lightbulb,1,-0.5883190631866455,0.8915590047836304,0.9019729495048523,0.375631183385849,0.8814314603805542,0.34318917989730835,1.0467925071716309
37,10,lift_blue_block_slider,1,-1.4312114715576172,0.3086194097995758,0.5825271606445312,0.9700366854667664,1.2786816358566284,1.04951810836792,1.5725016593933105
38,10,place_in_slider,1,-0.2632136344909668,0.876584529876709,0.927288830280304,0.43038100004196167,1.0675245523452759,0.5393927097320557,1.6756081581115723
39,10,lift_red_block_table,1,0.08187389373779297,0.28188103437423706,0.2213093489408493,1.5475267171859741,1.6144193410873413,1.986142635345459,2.0636367797851562
40,10,push_pink_block_right,1,-0.46111345291137695,0.23462489247322083,0.18643425405025482,1.734801173210144,1.8972654342651367,1.8074135780334473,2.4342923164367676
41,10,lift_red_block_table,1,-0.0454869270324707,0.7939990758895874,0.8590059876441956,1.3327441215515137,1.9425675868988037,1.2525172233581543,1.8793498277664185
42,10,place_in_slider,1,-0.21217942237854004,0.938571572303772,0.9504304528236389,0.25635117292404175,0.9063007235527039,0.3245466947555542,1.5073578357696533
43,10,turn_off_lightbulb,1,-0.477337121963501,0.30867061018943787,0.40345948934555054,0.5761664509773254,0.5403389930725098,0.5312376022338867,0.6967015266418457
44,10,push_pink_block_right,1,-0.6729168891906738,-0.15543146431446075,-0.1652674376964569,0.7603251934051514,0.7838818430900574,1.123297929763794,1.1257193088531494
45,10,turn_off_lightbulb,1,-1.0970220565795898,0.5258039236068726,0.7171380519866943,1.2846975326538086,1.6184861660003662,1.432543158531189,2.1536290645599365
46,10,turn_on_lightbulb,1,-0.11550188064575195,0.3794390559196472,0.3159446716308594,1.937628984451294,2.3594236373901367,2.7157979011535645,3.3547635078430176
47,10,lift_red_block_table,1,-0.15655183792114258,0.5730991959571838,0.6921893358230591,1.3588507175445557,1.8678264617919922,1.7790582180023193,2.658538341522217
48,10,turn_off_lightbulb,1,-0.07540273666381836,0.21251913905143738,0.7037567496299744,3.7411534786224365,3.299118995666504,2.884768486022949,3.925670623779297
49,10,turn_on_lightbulb,1,0.11353302001953125,0.782684862613678,0.6752477884292603,0.7035293579101562,1.5615195035934448,0.8980792760848999,1.641214370727539
50,10,push_pink_block_right,1,-0.6483297348022461,-0.059186648577451706,0.10316305607557297,2.080738067626953,2.2302074432373047,2.8754820823669434,3.4653406143188477
51,10,turn_on_lightbulb,1,0.16735601425170898,0.8169940710067749,0.859642744064331,1.0416762828826904,1.9350430965423584,0.6037980318069458,0.928629994392395
52,10,lift_blue_block_slider,1,0.3991889953613281,0.8891158103942871,0.7730301022529602,1.4319837093353271,3.0475013256073,0.7726753950119019,1.3637962341308594
53,10,turn_off_lightbulb,1,0.40480518341064453,0.6729888916015625,0.677501916885376,2.521509885787964,3.40663480758667,3.8193325996398926,5.164726257324219
54,10,turn_on_lightbulb,1,0.005984783172607422,0.8643819689750671,0.7255522608757019,1.6869456768035889,3.7797508239746094,1.0276105403900146,2.0869083404541016
55,10,turn_off_lightbulb,1,-1.1281375885009766,0.5822649002075195,0.4897707402706146,0.6412811279296875,0.7845295667648315,0.6625608205795288,0.8636698126792908
56,10,place_in_slider,1,-0.12122106552124023,0.9081634879112244,0.9275141358375549,0.4881262183189392,1.4132771492004395,0.6135526895523071,2.2546865940093994
57,10,lift_red_block_table,1,-1.3265013694763184,0.2287578582763672,0.7409856915473938,2.681833028793335,2.463808536529541,1.8097729682922363,2.2507965564727783
58,10,place_in_slider,1,-0.5043373107910156,0.7807816863059998,0.8048092722892761,0.3768303394317627,1.2205181121826172,0.48436135053634644,1.9912585020065308
59,10,lift_red_block_table,1,-0.1577157974243164,-0.23193852603435516,-0.28885331749916077,1.4672762155532837,1.4653176069259644,1.4064838886260986,1.570451259613037
60,10,turn_on_lightbulb,1,-1.270186424255371,0.4792027175426483,0.45957639813423157,0.4662070572376251,0.9139788746833801,0.47071853280067444,0.7253459692001343
61,10,place_in_slider,1,-0.1517333984375,0.8588564991950989,0.8638298511505127,0.7924307584762573,1.4995354413986206,1.0812455415725708,2.221262216567993
62,20,turn_off_lightbulb,1,-0.6946463584899902,0.430220365524292,0.46295464038848877,0.3460317850112915,0.52149897813797,0.3524099588394165,0.7575328350067139
63,20,push_pink_block_right,1,-0.19834327697753906,0.08339330554008484,0.30085721611976624,3.8553009033203125,4.81665563583374,3.2347335815429688,4.679498672485352
64,20,lift_red_block_table,1,-0.467803955078125,0.3514630198478699,0.28174206614494324,2.0444843769073486,2.3866748809814453,2.839265823364258,3.3815276622772217
65,20,turn_on_lightbulb,1,0.4450540542602539,0.8886754512786865,0.8340834975242615,3.0210726261138916,6.566493034362793,2.842942476272583,5.364555358886719
66,20,turn_off_lightbulb,1,-0.49536609649658203,0.5476282835006714,0.7044022083282471,1.7279495000839233,2.0663583278656006,2.20200777053833,3.214667797088623
67,20,lift_red_block_table,1,-3.69081449508667,-0.21295976638793945,-0.16825787723064423,2.1711668968200684,2.3247756958007812,3.3813064098358154,3.991783857345581
68,20,place_in_slider,1,-0.058547019958496094,0.8461529016494751,0.8952920436859131,1.01987886428833,2.21457576751709,1.0949468612670898,3.1557064056396484
69,20,push_pink_block_right,1,-2.0446791648864746,0.9136140942573547,0.8985823392868042,1.7210822105407715,3.0018310546875,2.2300868034362793,3.566208839416504
70,20,turn_off_lightbulb,1,-0.37032222747802734,0.47462135553359985,0.4404572546482086,0.5119876265525818,0.5449931025505066,0.5153624415397644,0.7990391850471497
71,20,push_pink_block_right,1,-0.8987045288085938,0.30779510736465454,0.37737151980400085,2.884413719177246,3.879533290863037,3.966372489929199,5.6633405685424805
72,20,place_in_slider,1,-0.2146143913269043,0.9314723014831543,0.9398768544197083,0.3786265254020691,1.3721402883529663,0.4995197057723999,2.1836676597595215
73,21,lift_blue_block_slider,1,-1.4764766693115234,0.7370084524154663,0.6818992495536804,1.1326298713684082,2.020014524459839,1.4816811084747314,2.337273597717285
74,21,lift_red_block_table,1,0.1934676170349121,0.8411312699317932,0.7857339382171631,1.1777901649475098,2.224259853363037,1.2292534112930298,1.7837034463882446
75,21,place_in_slider,1,-0.4430243968963623,0.8657190203666687,0.8707762360572815,0.22719798982143402,0.6539782285690308,0.25049057602882385,1.0996562242507935
76,21,turn_on_lightbulb,1,-0.11341142654418945,0.8453183174133301,0.7138636708259583,0.80635005235672,1.6232963800430298,1.0341655015945435,1.1272785663604736
77,21,turn_off_lightbulb,1,0.04556608200073242,0.786445140838623,0.8067618012428284,0.7895564436912537,1.3583967685699463,0.8548787832260132,1.4775258302688599
78,21,turn_on_lightbulb,1,-0.928490161895752,0.6959508657455444,0.8802446722984314,0.7736566662788391,1.1815308332443237,0.6637610793113708,1.4035993814468384
79,21,push_pink_block_right,1,-0.4647989273071289,0.6729585528373718,0.7874710559844971,1.5945260524749756,2.601642608642578,1.7299964427947998,3.7485733032226562
80,21,place_in_slider,1,-0.14700746536254883,0.7900753617286682,0.897632896900177,0.25769567489624023,0.7510543465614319,0.21888986229896545,1.363081455230713
81,21,turn_on_lightbulb,1,-0.31679582595825195,0.6135378479957581,0.7498067021369934,1.2839354276657104,1.514474868774414,1.1101468801498413,1.2166485786437988
82,21,lift_blue_block_slider,1,-0.9003782272338867,0.6092758178710938,0.7884719967842102,1.2169541120529175,1.480349063873291,1.4825811386108398,2.1697216033935547
83,21,turn_off_lightbulb,1,-1.0102689266204834,0.5643974542617798,0.6584814786911011,1.948409914970398,2.060680389404297,1.3928111791610718,1.7529619932174683
84,21,push_pink_block_right,1,-1.2230195999145508,0.4973589777946472,0.31103649735450745,1.3206367492675781,1.5534926652908325,2.3531246185302734,2.561105966567993
85,21,turn_off_lightbulb,1,-0.07552433013916016,0.8575441241264343,0.8959599137306213,0.6126630306243896,1.6120963096618652,0.4906577169895172,1.2193629741668701
86,21,push_pink_block_right,1,-0.9443893432617188,-0.5219573378562927,-0.5031742453575134,3.8395636081695557,4.231662273406982,2.776383876800537,3.404522657394409
87,21,place_in_slider,1,-0.33954381942749023,0.8628172874450684,0.9054614305496216,0.7032313346862793,1.5962060689926147,0.8986151814460754,2.8319523334503174
88,21,lift_red_block_table,1,-1.3812565803527832,0.2739174962043762,0.4901115298271179,0.8717515468597412,1.0071399211883545,0.7176213264465332,0.9403121471405029
89,21,place_in_slider,1,-0.35414981842041016,0.956058919429779,0.9751616716384888,0.21781125664710999,1.1155452728271484,0.23285174369812012,1.972351312637329
90,21,turn_off_lightbulb,1,-0.2323594093322754,0.8584423065185547,0.8225002288818359,0.4951556622982025,1.011873483657837,0.48091286420822144,0.9610196352005005
91,21,place_in_slider,1,-0.06770658493041992,0.6886749863624573,0.7085170149803162,0.6380325555801392,0.9408313035964966,0.8930618762969971,1.2990994453430176
92,21,turn_on_lightbulb,1,-0.7152605056762695,0.5705212354660034,0.44673630595207214,1.1934740543365479,1.9308674335479736,1.490879774093628,2.1612181663513184
93,21,lift_blue_block_slider,1,-2.330306053161621,0.023242594674229622,0.2005198448896408,1.89374577999115,2.2980241775512695,1.219118356704712,1.373618245124817
94,21,push_pink_block_right,1,-0.48472023010253906,0.4822574853897095,0.5268763899803162,2.298272132873535,2.7599377632141113,3.4224116802215576,4.3761887550354
95,21,turn_on_lightbulb,1,-0.89851975440979,0.70706707239151,0.8416106104850769,0.6580374240875244,0.8219451904296875,0.5747029185295105,1.0459688901901245
96,21,lift_blue_block_slider,1,-1.8847424983978271,0.373853474855423,0.7572424411773682,1.4468947649002075,1.2792197465896606,1.0687787532806396,1.6752817630767822
97,21,lift_red_block_table,1,-1.433670997619629,0.3333050310611725,0.4002336263656616,0.9618960618972778,1.2197076082229614,1.2045726776123047,1.6456217765808105
98,21,place_in_slider,1,-0.1091928482055664,0.8413547873497009,0.8583099842071533,0.6295448541641235,1.7407512664794922,0.973989725112915,2.9346935749053955
99,21,turn_on_lightbulb,1,0.06441831588745117,0.6579666137695312,0.5229849219322205,1.8152310848236084,2.3437225818634033,2.5918638706207275,2.539384365081787
100,21,lift_red_block_table,1,-1.6698133945465088,0.4048590660095215,0.2620690166950226,0.7484520077705383,0.9829443693161011,0.932574450969696,1.2628065347671509
101,21,lift_blue_block_slider,1,-1.3623719215393066,0.5723880529403687,0.5333648324012756,1.3002347946166992,1.5776023864746094,1.603445053100586,1.911912202835083
102,21,place_in_slider,1,-0.4406161308288574,0.801611065864563,0.9353002905845642,1.1017316579818726,2.0060501098632812,0.7766055464744568,2.1011528968811035
103,21,turn_on_lightbulb,1,-0.8673572540283203,0.17780452966690063,-0.24634726345539093,0.8940504193305969,0.9964398145675659,0.8287701606750488,0.87701416015625
104,21,place_in_slider,1,-0.1661825180053711,0.9552582502365112,0.9702392816543579,0.32702356576919556,1.8405956029891968,0.39443063735961914,3.0615620613098145
105,21,turn_off_lightbulb,1,-0.5180783271789551,0.7723537087440491,0.8185589909553528,0.6688313484191895,1.3723371028900146,0.8082895278930664,1.8954743146896362
106,21,place_in_slider,1,-0.45133304595947266,0.884658932685852,0.9125587940216064,0.10908360779285431,0.7226123809814453,0.12709903717041016,1.2308332920074463
107,25,lift_blue_block_slider,1,-3.6711502075195312,-0.09949517250061035,0.14755629003047943,1.7841095924377441,2.059704065322876,0.671038031578064,0.8180839419364929
108,25,place_in_slider,1,-0.4495978355407715,0.5166407227516174,0.5502785444259644,0.5513591170310974,0.7743842005729675,0.503808856010437,0.9612933397293091
109,25,turn_on_lightbulb,1,-1.402226448059082,0.5788647532463074,0.34406477212905884,1.2104707956314087,2.023611307144165,1.0498567819595337,1.3250577449798584
110,25,turn_off_lightbulb,1,-0.06139659881591797,0.8352044224739075,0.8419296741485596,0.48723822832107544,1.0361294746398926,0.5669474601745605,1.1330257654190063
111,25,lift_red_block_table,1,-0.8487296104431152,0.23182451725006104,0.49556925892829895,2.6197171211242676,2.721449613571167,1.9950671195983887,2.344986915588379
112,25,turn_on_lightbulb,1,-0.10124588012695312,0.7700863480567932,0.8503410816192627,0.481581449508667,0.7587260603904724,0.4241711497306824,0.8783504366874695
113,25,lift_blue_block_slider,1,-1.8446907997131348,0.013672856613993645,0.48796573281288147,1.8231720924377441,1.8515942096710205,0.9969221353530884,1.2139394283294678
114,25,turn_off_lightbulb,1,-0.801055908203125,0.7489680051803589,0.6847046613693237,0.6008449792861938,1.0043131113052368,0.7373139262199402,1.1158454418182373
115,25,lift_blue_block_slider,1,-3.5130646228790283,-0.09739658236503601,-0.029242563992738724,0.768511176109314,0.918882429599762,1.0202624797821045,1.1820324659347534
116,25,place_in_slider,1,-0.6302371025085449,0.3753323256969452,0.3023282587528229,0.5617859959602356,1.0312495231628418,0.5356543064117432,0.9967248439788818
117,25,turn_on_lightbulb,1,-0.36052751541137695,0.5210581421852112,0.7302396297454834,1.4195027351379395,1.7345712184906006,1.3223333358764648,1.7361719608306885
118,25,turn_off_lightbulb,1,-0.8681988716125488,0.7550225853919983,0.41810035705566406,0.6335538625717163,1.1681267023086548,0.9214010834693909,1.2825937271118164
119,25,lift_red_block_table,1,-2.294231653213501,0.2537309527397156,0.6306062340736389,1.5488927364349365,2.050715923309326,1.1540753841400146,2.002171516418457
120,25,lift_blue_block_slider,1,-1.3143320083618164,0.21540318429470062,0.16969600319862366,1.0804345607757568,1.0833356380462646,1.526782512664795,1.5970485210418701
121,25,turn_on_lightbulb,1,-0.8155384063720703,0.6993623375892639,0.7949200868606567,1.0904695987701416,1.693314552307129,1.3496438264846802,2.1477699279785156
122,29,turn_off_lightbulb,1,-0.32035112380981445,0.6521894931793213,0.6079724431037903,0.8792785406112671,1.2413917779922485,1.2211909294128418,1.6994456052780151
123,29,place_in_slider,1,-0.31407666206359863,0.9497644901275635,0.9541139006614685,0.2105301469564438,0.8215892314910889,0.30084797739982605,1.4214262962341309
124,29,turn_on_lightbulb,1,-0.8249444961547852,0.38964197039604187,0.7279551029205322,1.245186686515808,0.9322587251663208,0.7432408928871155,0.7405662536621094
125,29,lift_red_block_table,1,-1.7581353187561035,0.43509745597839355,0.5654582381248474,1.0277191400527954,1.3058865070343018,0.6615272164344788,1.0620779991149902
126,29,place_in_slider,1,-0.4340043067932129,0.6399173140525818,0.45390018820762634,0.36196020245552063,0.9025928974151611,0.36193063855171204,0.9127932190895081
127,29,lift_blue_block_slider,1,0.07261228561401367,0.8514147996902466,0.7634052634239197,1.2578558921813965,2.554943323135376,0.6689572334289551,1.2971816062927246
128,29,place_in_slider,1,-0.5311527252197266,0.7263219952583313,0.7726850509643555,0.4902234673500061,0.7412689924240112,0.47456371784210205,0.9484571218490601
129,29,push_pink_block_right,1,-1.85585355758667,-0.27652275562286377,-0.23276802897453308,1.651447057723999,1.3352762460708618,2.5781116485595703,1.9536981582641602
130,29,place_in_slider,1,-0.1318974494934082,0.8309983611106873,0.9057106971740723,0.7501254081726074,1.557798147201538,0.6681280732154846,2.287696361541748
131,29,lift_red_block_table,1,-0.38832855224609375,0.11957650631666183,0.27395331859588623,2.6573479175567627,2.7357723712921143,2.523705005645752,2.7179789543151855
132,29,lift_blue_block_slider,1,0.44998836517333984,0.8064723610877991,0.5380232334136963,3.7794995307922363,5.777103900909424,2.6606361865997314,3.2196967601776123
133,29,turn_on_lightbulb,1,-1.4475359916687012,0.8105161786079407,0.7904661893844604,0.8663977384567261,2.206616163253784,0.8884165287017822,2.0436389446258545
134,29,push_pink_block_right,1,-0.362823486328125,0.05858989804983139,0.14430318772792816,2.6178107261657715,3.3890225887298584,3.3901498317718506,4.821365833282471
135,29,lift_blue_block_slider,1,-0.4961376190185547,0.7062228918075562,0.6394293308258057,1.1274068355560303,1.6847524642944336,1.1368341445922852,1.5245063304901123
136,29,turn_off_lightbulb,1,-0.5867724418640137,0.6155347228050232,0.28204241394996643,0.45124509930610657,0.5413094758987427,0.32618749141693115,0.38661009073257446
137,29,lift_red_block_table,1,-0.08705472946166992,0.8363051414489746,0.812585711479187,0.5931515693664551,1.2269905805587769,0.7466409802436829,1.262751579284668
138,29,turn_on_lightbulb,1,-0.8672370910644531,0.26430994272232056,0.1568329632282257,1.098975419998169,0.708827555179596,1.2422550916671753,1.2350674867630005
0,3,turn_off_lightbulb,2,-0.40334177017211914,0.9075725674629211,0.9216246604919434,0.6038075089454651,0.9625548124313354,0.35914039611816406,0.5880981683731079
1,3,lift_red_block_table,2,-0.781059741973877,0.809518039226532,0.9177283048629761,0.42926156520843506,0.6325008869171143,0.19562382996082306,0.575509786605835
2,3,lift_blue_block_slider,2,-1.6179542541503906,0.7338303923606873,0.5182684063911438,0.2961782217025757,0.6613189578056335,0.3926771879196167,0.8735613822937012
3,3,push_pink_block_right,2,-1.447080135345459,0.7817187309265137,0.5274189710617065,2.000386953353882,3.5671403408050537,2.921090841293335,4.320765495300293
4,3,turn_on_lightbulb,2,-0.8693075180053711,-0.11171414703130722,-0.19996920228004456,4.628419876098633,5.4134016036987305,6.457838535308838,8.226901054382324
5,3,lift_red_block_table,2,-0.5345377922058105,0.4538883566856384,0.5088803172111511,1.411861538887024,2.0137577056884766,1.818352460861206,2.7279696464538574
6,3,turn_on_lightbulb,2,-0.8508708477020264,0.7957839369773865,0.8103606104850769,0.4070545434951782,0.7321635484695435,0.47745373845100403,0.8034822940826416
7,3,lift_red_block_table,2,-1.1046957969665527,0.7361887097358704,0.7613492608070374,1.721872091293335,1.94681715965271,1.986722469329834,2.495936870574951
8,3,place_in_slider,2,-0.38103437423706055,0.7411376237869263,0.8473880290985107,1.946336269378662,2.1417930126190186,1.31050443649292,2.086965322494507
9,3,turn_on_lightbulb,2,-0.8975138664245605,0.7049750685691833,0.5876131057739258,0.8962063193321228,1.6615633964538574,0.6953612565994263,1.3831573724746704
10,3,lift_red_block_table,2,-0.6004948616027832,0.42482224106788635,0.3840785324573517,1.0482401847839355,1.1729117631912231,0.839459240436554,1.1837012767791748
11,3,place_in_slider,2,-1.305812120437622,0.5184012651443481,0.7582172155380249,0.843131422996521,1.523443341255188,0.4081866145133972,1.3619749546051025
12,3,turn_on_lightbulb,2,-1.1208961009979248,0.886378824710846,0.8305540680885315,0.694074273109436,2.1821913719177246,1.0321006774902344,2.044102191925049
13,3,turn_off_lightbulb,2,-0.4922373294830322,0.7686423063278198,0.7061393857002258,0.6136380434036255,1.134986162185669,0.7642196416854858,1.529209017753601
14,3,lift_blue_block_slider,2,-0.4843330383300781,0.531498372554779,0.7181370854377747,2.334240436553955,2.2598400115966797,1.6503533124923706,2.1827688217163086
15,3,lift_red_block_table,2,-3.049072265625,-0.06446157395839691,-0.3065330386161804,4.685250759124756,4.038985729217529,4.103360652923584,3.983786106109619
16,3,turn_off_lightbulb,2,-0.20903825759887695,0.8944409489631653,0.8556323051452637,1.9694271087646484,2.691416025161743,2.0681982040405273,3.1074318885803223
17,3,turn_on_lightbulb,2,-0.697516918182373,0.8138140439987183,0.7287895679473877,0.4710293412208557,0.9125989079475403,0.7033446431159973,0.9674035310745239
18,3,lift_red_block_table,2,-2.1828017234802246,0.7284421324729919,0.7284759879112244,1.6879398822784424,2.332610607147217,2.4531729221343994,3.078345775604248
19,3,turn_off_lightbulb,2,-0.24701952934265137,0.8490973711013794,0.6675955653190613,1.11431884765625,1.615654468536377,0.9119924306869507,1.3552374839782715
20,3,place_in_slider,2,-0.4472947120666504,0.7046211957931519,0.7029563188552856,0.8439925909042358,1.365288496017456,0.911429762840271,1.9124583005905151
21,3,turn_on_lightbulb,2,-0.9208056926727295,0.5394445061683655,0.3714289963245392,2.0673255920410156,2.956164836883545,1.1730051040649414,2.012840747833252
22,3,turn_off_lightbulb,2,-0.5223898887634277,0.41709214448928833,0.7013086676597595,1.864190936088562,3.179973840713501,1.2153891324996948,1.8606570959091187
23,3,turn_on_lightbulb,2,-1.9650864601135254,0.7440139651298523,0.7019029855728149,2.562358856201172,4.245903968811035,3.2977497577667236,4.4919281005859375
24,3,turn_off_lightbulb,2,-0.4927334785461426,0.9019845128059387,0.8891252875328064,0.5171473026275635,1.0598524808883667,0.66562819480896,1.5912377834320068
25,3,lift_blue_block_slider,2,-0.7059969902038574,0.7166589498519897,0.6176949143409729,1.7112913131713867,2.9536120891571045,2.322575330734253,3.558926820755005
26,3,turn_on_lightbulb,2,-0.7480883598327637,0.57069331407547,0.7977995872497559,1.1319224834442139,0.7901588678359985,0.8998070955276489,1.1900255680084229
27,3,place_in_slider,2,-0.46671271324157715,0.8963474035263062,0.8814113140106201,0.9918424487113953,2.2065768241882324,1.3783327341079712,2.900819778442383
28,3,turn_off_lightbulb,2,-0.2590494155883789,0.827099084854126,0.7515729665756226,0.8695732355117798,1.0296366214752197,1.0512783527374268,1.3185820579528809
29,3,turn_on_lightbulb,2,-0.9440262317657471,0.8110314011573792,0.608820378780365,1.0897585153579712,2.4102110862731934,0.9360671639442444,1.70295250415802
30,3,place_in_slider,2,-0.9363603591918945,0.5157864093780518,0.7548366189002991,1.22538423538208,1.0757882595062256,0.8227382302284241,0.9595814943313599
31,3,turn_off_lightbulb,2,-0.5477497577667236,0.7698870301246643,0.7928509712219238,2.8610756397247314,3.240656852722168,3.0717461109161377,4.545731067657471
32,3,place_in_slider,2,-0.5744655132293701,0.7081416845321655,0.7002797722816467,1.1745949983596802,1.1402668952941895,1.4055531024932861,1.4043910503387451
33,3,push_pink_block_right,2,-1.5405874252319336,0.7890587449073792,0.6445220112800598,1.4622997045516968,2.7379846572875977,2.501613140106201,4.144658088684082
34,3,place_in_slider,2,-0.4331035614013672,0.7860274314880371,0.8801038861274719,1.830263614654541,2.2450273036956787,1.1987204551696777,2.1937332153320312
35,10,place_in_slider,2,-0.4554462432861328,0.8786877393722534,0.9378785490989685,0.7382075190544128,1.3218121528625488,0.5197659730911255,1.8497886657714844
36,10,turn_off_lightbulb,2,-0.08673787117004395,0.8886268138885498,0.8400359153747559,0.3761441111564636,0.7112827301025391,0.5624407529830933,0.9979923963546753
37,10,lift_blue_block_slider,2,-1.0854222774505615,0.617796003818512,0.46663597226142883,1.2992820739746094,1.7493847608566284,1.148029088973999,1.679699420928955
38,10,place_in_slider,2,-0.7427244186401367,0.8041032552719116,0.8137741088867188,0.7959157228469849,1.334144115447998,1.0966964960098267,1.9439735412597656
39,10,lift_red_block_table,2,-0.6005525588989258,0.4911178648471832,0.316399484872818,1.3918423652648926,1.5294218063354492,1.524549126625061,1.7983146905899048
40,10,push_pink_block_right,2,-1.3966083526611328,0.36063602566719055,0.1718144714832306,2.3044049739837646,1.828153371810913,2.4870834350585938,2.3807191848754883
41,10,lift_red_block_table,2,-0.31676483154296875,0.8088366389274597,0.8877395391464233,0.6966610550880432,0.9752174019813538,0.9025121927261353,1.3991942405700684
42,10,place_in_slider,2,-0.4268014430999756,0.9205299019813538,0.9481169581413269,0.4321253299713135,1.4472507238388062,0.5380962491035461,2.353088140487671
43,10,turn_off_lightbulb,2,-0.17171788215637207,0.5954849123954773,0.6746834516525269,0.6719917058944702,0.6930055022239685,0.5505828857421875,0.6531679630279541
44,10,push_pink_block_right,2,-1.4317798614501953,0.4361152648925781,0.5233821272850037,1.5787482261657715,1.5335536003112793,2.090385913848877,1.9993960857391357
45,10,turn_off_lightbulb,2,-0.45128607749938965,0.7365221381187439,0.8091908097267151,0.9485138654708862,1.0534465312957764,1.054168462753296,1.4560714960098267
46,10,turn_on_lightbulb,2,-1.1129989624023438,0.37381720542907715,0.5715112090110779,2.0994367599487305,2.3096776008605957,2.7351322174072266,4.048138618469238
47,10,lift_red_block_table,2,-1.399352788925171,0.6378142237663269,0.8386801481246948,1.5759273767471313,1.8070201873779297,1.1176445484161377,2.2664778232574463
48,10,turn_off_lightbulb,2,-0.3319518566131592,0.5459591150283813,0.7024051547050476,4.619935989379883,4.081634998321533,2.7104883193969727,3.7800755500793457
49,10,turn_on_lightbulb,2,-0.6406517028808594,0.7392789125442505,0.8501124978065491,0.6234643459320068,0.6451077461242676,0.3535868525505066,0.5698211193084717
50,10,push_pink_block_right,2,-1.8392152786254883,0.5421950817108154,0.1970808357000351,1.1574738025665283,0.9423888921737671,1.7362887859344482,1.237454891204834
51,10,turn_on_lightbulb,2,-1.0729660987854004,0.5781888365745544,0.815540611743927,1.0003706216812134,0.6019128561019897,0.8073707222938538,0.9527258276939392
52,10,lift_blue_block_slider,2,-0.8183488845825195,0.7320365309715271,0.8047028183937073,0.9868232011795044,1.9630661010742188,0.9627074003219604,1.590324878692627
53,10,turn_off_lightbulb,2,-0.14675235748291016,0.811305582523346,0.7901111245155334,1.5008981227874756,1.849390983581543,1.588226318359375,2.3476953506469727
54,10,turn_on_lightbulb,2,-0.6005215644836426,0.9259229302406311,0.8627849817276001,0.45266562700271606,1.8962726593017578,0.43933168053627014,1.0850281715393066
55,10,turn_off_lightbulb,2,-3.3326096534729004,0.5655556321144104,0.5136719346046448,1.5036706924438477,1.5267598628997803,2.1776113510131836,2.385781764984131
56,10,place_in_slider,2,-0.7845802307128906,0.8643788695335388,0.8906911015510559,0.6370389461517334,1.6149935722351074,0.7563412189483643,2.3501739501953125
57,10,lift_red_block_table,2,-0.37109851837158203,0.6130184531211853,0.880448043346405,1.4352444410324097,1.3878977298736572,0.9118890762329102,1.4728320837020874
58,10,place_in_slider,2,-0.5175092220306396,0.7478771209716797,0.758253276348114,0.8815559148788452,1.34999680519104,1.0875951051712036,1.9627699851989746
59,10,lift_red_block_table,2,-0.575711727142334,0.08750765770673752,0.09606025367975235,1.5531513690948486,1.8759760856628418,1.8290960788726807,2.4440717697143555
60,10,turn_on_lightbulb,2,-1.1810719966888428,0.5641055107116699,0.4313655495643616,0.6928482055664062,1.1396052837371826,0.6813320517539978,0.9516932964324951
61,10,place_in_slider,2,-0.8049674034118652,0.8168958425521851,0.8636297583580017,0.8051853179931641,1.1944221258163452,0.7551814317703247,1.3068437576293945
62,20,turn_off_lightbulb,2,-0.2628145217895508,0.7976838946342468,0.8542367815971375,0.478531152009964,0.9064823389053345,0.5078495740890503,1.2803980112075806
63,20,push_pink_block_right,2,-1.2487754821777344,0.8014330863952637,0.7822229862213135,1.1842893362045288,1.8467910289764404,1.8410065174102783,2.967615842819214
64,20,lift_red_block_table,2,-1.11574125289917,0.41608476638793945,0.17641319334506989,1.1408147811889648,1.2948179244995117,1.8373370170593262,1.9990487098693848
65,20,turn_on_lightbulb,2,-0.2297067642211914,0.835224986076355,0.8014284372329712,2.772505760192871,6.036999702453613,3.691539764404297,6.8274078369140625
66,20,turn_off_lightbulb,2,-0.3192884922027588,0.780475378036499,0.8453429937362671,1.3425827026367188,1.8741908073425293,1.346842646598816,2.6251518726348877
67,20,lift_red_block_table,2,-2.2644052505493164,-0.4506034553050995,-0.5477867126464844,1.5970017910003662,1.870995283126831,2.796243906021118,3.294755697250366
68,20,place_in_slider,2,-0.8595499992370605,0.8159551024436951,0.7999555468559265,1.356210708618164,2.7056145668029785,2.00954008102417,4.005283355712891
69,20,push_pink_block_right,2,-2.091907024383545,0.8849672675132751,0.7684339880943298,0.6917403936386108,0.9681354761123657,0.8220828175544739,0.6105941534042358
70,20,turn_off_lightbulb,2,-0.45389461517333984,0.8625736236572266,0.848146378993988,0.33354490995407104,0.7044510245323181,0.31472402811050415,0.8690328001976013
71,20,push_pink_block_right,2,-1.5416388511657715,0.6954919099807739,0.7363893389701843,2.705810546875,4.038538932800293,3.2932071685791016,5.570552349090576
72,20,place_in_slider,2,-0.6324076652526855,0.6185895204544067,0.7752008438110352,2.512611150741577,2.3332886695861816,1.8044252395629883,2.3297104835510254
73,21,lift_blue_block_slider,2,-1.2224435806274414,0.8771904706954956,0.7509487867355347,0.7043090462684631,1.4866784811019897,0.5634956359863281,1.1068084239959717
74,21,lift_red_block_table,2,-0.9364187717437744,0.798039972782135,0.8656865954399109,0.41399043798446655,0.5493276715278625,0.34520289301872253,0.5811691880226135
75,21,place_in_slider,2,-0.6409525871276855,0.8961847424507141,0.9109311699867249,0.9813655614852905,2.1723179817199707,0.7045654058456421,1.9479644298553467
76,21,turn_on_lightbulb,2,-0.5946073532104492,0.7639363408088684,0.8673452734947205,0.5220034122467041,0.5387936234474182,0.4088379144668579,0.699334442615509
77,21,turn_off_lightbulb,2,-0.5471935272216797,0.7264195084571838,0.5063254833221436,0.7579532861709595,1.141926646232605,1.2356736660003662,1.7950258255004883
78,21,turn_on_lightbulb,2,-1.1134886741638184,0.6970652937889099,0.9183789491653442,0.44533538818359375,0.45751410722732544,0.18174466490745544,0.29795849323272705
79,21,push_pink_block_right,2,-1.202725887298584,0.8840887546539307,0.8996870517730713,1.9882475137710571,3.5186471939086914,2.4503402709960938,4.289348602294922
80,21,place_in_slider,2,-1.3126533031463623,0.4026796221733093,0.536371648311615,0.7866566777229309,0.9832629561424255,0.7140785455703735,1.1668860912322998
81,21,turn_on_lightbulb,2,-0.9030704498291016,0.5721380710601807,0.7560152411460876,1.0538666248321533,1.0918338298797607,0.9548085331916809,1.2091435194015503
82,21,lift_blue_block_slider,2,-1.027757167816162,0.696596086025238,0.8510359525680542,0.8166245222091675,0.8113598823547363,0.6622216105461121,1.066055417060852
83,21,turn_off_lightbulb,2,-0.5616531372070312,0.7493264079093933,0.6514011025428772,1.524025321006775,1.8938267230987549,1.2874903678894043,1.9395065307617188
84,21,push_pink_block_right,2,-1.8700263500213623,0.7925182580947876,0.6968353390693665,1.4993336200714111,2.047084331512451,2.118575096130371,2.826052665710449
85,21,turn_off_lightbulb,2,-0.31033802032470703,0.8088006377220154,0.8667234778404236,0.5020316243171692,1.121390700340271,0.6201443672180176,1.1986773014068604
86,21,push_pink_block_right,2,-1.6326942443847656,0.10160811990499496,0.48250970244407654,3.739352226257324,4.972416400909424,3.9182660579681396,6.372124195098877
87,21,place_in_slider,2,-0.39038586616516113,0.8712003231048584,0.9271565675735474,0.6997849941253662,1.7142804861068726,0.740978479385376,2.638984203338623
88,21,lift_red_block_table,2,-0.7540419101715088,0.5956692695617676,0.45661163330078125,1.013625144958496,1.2727247476577759,0.7267146110534668,0.9618017077445984
89,21,place_in_slider,2,-1.348379373550415,0.9358401894569397,0.9754236936569214,0.27046042680740356,1.256825566291809,0.2538285255432129,2.148463249206543
90,21,turn_off_lightbulb,2,-0.2460954189300537,0.8182241916656494,0.8099668025970459,0.5685687065124512,0.6974193453788757,0.7703694701194763,0.8878269195556641
91,21,place_in_slider,2,-1.049590826034546,0.6603177189826965,0.8194476962089539,1.020418643951416,1.0277537107467651,0.6012165546417236,0.8255051374435425
92,21,turn_on_lightbulb,2,-0.8139429092407227,0.7336641550064087,0.5577141046524048,0.9250462651252747,1.8049206733703613,0.7958229780197144,1.2423267364501953
93,21,lift_blue_block_slider,2,-0.9222691059112549,0.6358823776245117,0.5310379862785339,1.3331794738769531,1.7168089151382446,1.0085240602493286,1.3294672966003418
94,21,push_pink_block_right,2,-1.8856329917907715,0.8265509605407715,0.720805287361145,1.173546552658081,1.4795377254486084,1.090524673461914,1.1871098279953003
95,21,turn_on_lightbulb,2,-0.9021553993225098,0.7227884531021118,0.779810905456543,0.5829985737800598,0.4301849603652954,0.4146219789981842,0.4898923337459564
96,21,lift_blue_block_slider,2,-1.3794493675231934,0.6741881370544434,0.855331301689148,0.6328494548797607,0.563724160194397,0.43382272124290466,0.733686089515686
97,21,lift_red_block_table,2,-2.4956064224243164,0.5619893670082092,0.32242903113365173,2.0314769744873047,2.8854572772979736,2.7904052734375,3.9398016929626465
98,21,place_in_slider,2,-0.904926061630249,0.8149309158325195,0.8087453246116638,0.7845826148986816,2.125810146331787,0.9790325164794922,2.8920929431915283
99,21,turn_on_lightbulb,2,-0.9190025329589844,0.6713763475418091,0.766902506351471,0.6207501888275146,0.5833651423454285,0.6324657201766968,0.8696330785751343
100,21,lift_red_block_table,2,-0.6934151649475098,0.05587850883603096,0.21485000848770142,0.8772428035736084,0.955767035484314,0.6100727319717407,0.7576474547386169
101,21,lift_blue_block_slider,2,-0.7076687812805176,0.7518764734268188,0.7758470773696899,0.8054850697517395,1.2292497158050537,1.0859954357147217,1.599536418914795
102,21,place_in_slider,2,-1.4558405876159668,0.8133877515792847,0.9086645245552063,0.6651514768600464,1.01364004611969,0.5442513823509216,1.2942368984222412
103,21,turn_on_lightbulb,2,-0.6900451183319092,0.6705436110496521,0.45546555519104004,0.942255973815918,1.5980446338653564,0.9547410011291504,1.8110953569412231
104,21,place_in_slider,2,-1.379749059677124,0.9400060176849365,0.9733603596687317,0.2381533682346344,1.484923005104065,0.1652718484401703,2.337244987487793
105,21,turn_off_lightbulb,2,-0.31745314598083496,0.711567759513855,0.6982052326202393,0.653376042842865,0.9940581917762756,0.8785688281059265,1.5288499593734741
106,21,place_in_slider,2,-0.4645977020263672,0.7576853632926941,0.6838087439537048,0.5401968359947205,0.990564227104187,0.80268794298172,1.4825413227081299
107,25,lift_blue_block_slider,2,-1.4378418922424316,0.5929520726203918,0.16270695626735687,0.726387619972229,1.2273640632629395,0.8582916259765625,1.4835448265075684
108,25,place_in_slider,2,-1.252091407775879,0.3737080693244934,0.5426313281059265,1.0184385776519775,1.1266032457351685,0.8578641414642334,1.1276344060897827
109,25,turn_on_lightbulb,2,-1.281921625137329,0.6941998600959778,0.5465149879455566,0.8899361491203308,1.7302830219268799,0.6286742687225342,1.1472923755645752
110,25,turn_off_lightbulb,2,-0.2191605567932129,0.6827864646911621,0.665144681930542,0.7854650020599365,0.9779215455055237,1.1588670015335083,1.4528727531433105
111,25,lift_red_block_table,2,-1.3641324043273926,0.6901804804801941,0.5458528399467468,2.6014199256896973,3.1610708236694336,1.5738970041275024,2.109015464782715
112,25,turn_on_lightbulb,2,-0.6353652477264404,0.722937285900116,0.890760064125061,0.7028089761734009,0.6031931042671204,0.3857667148113251,0.691956639289856
113,25,lift_blue_block_slider,2,-1.5580270290374756,0.49513673782348633,0.2491477131843567,1.4614708423614502,1.8229507207870483,0.7541930675506592,1.1722030639648438
114,25,turn_off_lightbulb,2,-0.5286698341369629,0.8192741274833679,0.6701051592826843,0.6295036673545837,0.9797921180725098,0.5584032535552979,0.7598018646240234
115,25,lift_blue_block_slider,2,-1.1871089935302734,0.28909459710121155,0.23759235441684723,0.9036635160446167,1.1782300472259521,0.9060888886451721,1.6346361637115479
116,25,place_in_slider,2,-1.4543685913085938,0.1478453129529953,0.4592169523239136,1.2655748128890991,1.6137089729309082,0.8542815446853638,1.3202605247497559
117,25,turn_on_lightbulb,2,-0.9508850574493408,0.5720314979553223,0.8477281928062439,1.4769597053527832,1.5956025123596191,0.49708425998687744,0.6485292315483093
118,25,turn_off_lightbulb,2,-0.2230987548828125,0.8247716426849365,0.6778851747512817,0.8848626613616943,1.422278881072998,1.0341730117797852,1.5038491487503052
119,25,lift_red_block_table,2,-0.7662262916564941,0.5616070032119751,0.4049025774002075,0.6987594962120056,1.0883631706237793,0.7704067230224609,1.2248908281326294
120,25,lift_blue_block_slider,2,-0.6953444480895996,0.61952805519104,0.7095388770103455,0.3864292502403259,0.40955987572669983,0.29114842414855957,0.5108275413513184
121,25,turn_on_lightbulb,2,-0.8217096328735352,0.8133604526519775,0.7288736701011658,0.9463261961936951,1.783897876739502,1.125609040260315,1.2828668355941772
122,29,turn_off_lightbulb,2,-0.2905290126800537,0.6933391690254211,0.6477721333503723,0.9258042573928833,1.0268809795379639,1.1633057594299316,1.4084974527359009
123,29,place_in_slider,2,-0.5244204998016357,0.8611090183258057,0.916547954082489,0.9134144186973572,1.3552141189575195,0.8464117050170898,1.9186897277832031
124,29,turn_on_lightbulb,2,-1.0518553256988525,0.4945296049118042,0.895126461982727,0.8947538137435913,0.4984130263328552,0.23344318568706512,0.3618588447570801
125,29,lift_red_block_table,2,-0.8833608627319336,0.8617745637893677,0.8607288599014282,0.4576309025287628,0.7750034332275391,0.15671475231647491,0.5138169527053833
126,29,place_in_slider,2,-1.226076364517212,0.779438853263855,0.7801851630210876,0.8993905186653137,1.9751808643341064,0.9799849390983582,2.3248987197875977
127,29,lift_blue_block_slider,2,-0.6844992637634277,0.6467166543006897,0.7577528357505798,0.7210686206817627,1.112929105758667,0.590086817741394,0.8221537470817566
128,29,place_in_slider,2,-0.9143850803375244,0.6690459251403809,0.7352842092514038,0.79771888256073,0.6042389869689941,0.8372164368629456,0.8914600610733032
129,29,push_pink_block_right,2,-2.150059223175049,0.7767095565795898,0.7839929461479187,0.33612534403800964,0.5727207660675049,0.4698413014411926,0.6482953429222107
130,29,place_in_slider,2,-0.9497582912445068,0.8625951409339905,0.903319776058197,0.8558438420295715,2.51481032371521,0.752797544002533,3.1095213890075684
131,29,lift_red_block_table,2,-2.029233455657959,0.6320325136184692,0.5983227491378784,4.150078296661377,4.6108880043029785,5.564116477966309,6.321096897125244
132,29,lift_blue_block_slider,2,-0.5288715362548828,0.7599987983703613,0.7979995012283325,1.2595553398132324,2.2278308868408203,0.984239935874939,1.2227356433868408
133,29,turn_on_lightbulb,2,-2.58689022064209,0.7930164337158203,0.6087567806243896,0.8432192206382751,2.8689262866973877,1.389843225479126,3.47978138923645
134,29,push_pink_block_right,2,-0.4275798797607422,0.07224494963884354,0.40436381101608276,3.877938985824585,4.667605876922607,3.8332138061523438,5.715549468994141
135,29,lift_blue_block_slider,2,-0.48360228538513184,0.7504194378852844,0.7871850728988647,0.6569243669509888,0.8845654726028442,0.844334602355957,1.3159292936325073
136,29,turn_off_lightbulb,2,-0.26013612747192383,0.7857224345207214,0.703126072883606,0.3946569263935089,0.7204582691192627,0.46710869669914246,0.8994393348693848
137,29,lift_red_block_table,2,-0.8526558876037598,0.7447990775108337,0.9055625796318054,0.6410281658172607,0.6712605357170105,0.3442929983139038,0.877403199672699
138,29,turn_on_lightbulb,2,-1.485264778137207,0.5495592355728149,0.7744258642196655,0.9299086332321167,1.003377914428711,0.5392668843269348,0.93268221616745
0,3,turn_off_lightbulb,4,-0.28191208839416504,0.8084986209869385,0.8310481309890747,1.020980954170227,1.0249168872833252,0.47649291157722473,0.46408480405807495
1,3,lift_red_block_table,4,-0.2827291488647461,0.4446677565574646,0.5291574001312256,1.4461345672607422,1.9510178565979004,1.7931113243103027,2.395850896835327
2,3,lift_blue_block_slider,4,-1.0235280990600586,0.7452743053436279,0.8634985685348511,0.6259543299674988,1.0377651453018188,0.6784607768058777,1.151780605316162
3,3,push_pink_block_right,4,-0.7157177925109863,0.6250627636909485,0.5910398364067078,1.854872465133667,2.409670352935791,2.5469932556152344,3.244035005569458
4,3,turn_on_lightbulb,4,-1.3257105350494385,0.7188853621482849,0.7500833868980408,0.6461222171783447,0.9890874624252319,0.6673034429550171,1.370498776435852
5,3,lift_red_block_table,4,-0.42931604385375977,0.7085820436477661,0.7680615782737732,1.6862415075302124,2.2352004051208496,2.3105452060699463,2.9198203086853027
6,3,turn_on_lightbulb,4,-0.14946579933166504,0.7734515070915222,0.7793880701065063,0.921389639377594,1.1949713230133057,1.3316295146942139,1.8587944507598877
7,3,lift_red_block_table,4,0.01690959930419922,0.5000012516975403,0.38887953758239746,1.2904231548309326,1.193357229232788,1.3611234426498413,1.4113624095916748
8,3,place_in_slider,4,1.6668658256530762,0.8236518502235413,0.8175479769706726,0.8409527540206909,1.5348713397979736,1.1778600215911865,2.508962392807007
9,3,turn_on_lightbulb,4,-0.36489391326904297,0.9444574117660522,0.902572512626648,0.7498066425323486,1.642573356628418,0.5529570579528809,1.4451805353164673
10,3,lift_red_block_table,4,-0.20836114883422852,0.7713840007781982,0.7852289080619812,0.7621879577636719,1.1976115703582764,0.7824798226356506,1.2677934169769287
11,3,place_in_slider,4,1.2199783325195312,0.7988594174385071,0.8131089210510254,0.5106433033943176,0.7212783098220825,0.6424420475959778,0.9995185136795044
12,3,turn_on_lightbulb,4,-0.18016433715820312,0.8113924264907837,0.8400986790657043,0.9031171798706055,1.593841552734375,1.1377763748168945,2.3399367332458496
13,3,turn_off_lightbulb,4,-0.2537330389022827,0.785911500453949,0.7865164875984192,0.7952524423599243,1.0702611207962036,0.7400946617126465,1.241868019104004
14,3,lift_blue_block_slider,4,-0.9308078289031982,0.7251067161560059,0.7977030873298645,1.0066602230072021,1.132906436920166,0.8338335752487183,1.1816961765289307
15,3,lift_red_block_table,4,-1.8947906494140625,0.1622728854417801,0.07755710929632187,2.487520217895508,2.83866024017334,2.7983248233795166,3.5348031520843506
16,3,turn_off_lightbulb,4,-0.2845935821533203,0.8043735027313232,0.8010175228118896,2.7692532539367676,3.1742091178894043,1.1251742839813232,1.8028850555419922
17,3,turn_on_lightbulb,4,-0.39850568771362305,0.40573012828826904,0.3420296609401703,0.36273887753486633,0.7092911005020142,0.3990797996520996,0.4138430953025818
18,3,lift_red_block_table,4,-1.6462421417236328,0.2020360380411148,0.08130548894405365,2.164893627166748,3.582650899887085,2.662003993988037,4.001168251037598
19,3,turn_off_lightbulb,4,-0.24044466018676758,0.5856634974479675,0.7123228311538696,0.8369594812393188,0.8428633809089661,0.7449382543563843,0.6789856553077698
20,3,place_in_slider,4,1.3568806648254395,0.7448177933692932,0.8240527510643005,1.2238856554031372,2.1484079360961914,1.196791172027588,2.026038885116577
21,3,turn_on_lightbulb,4,-0.5018737316131592,0.892790675163269,0.8306928277015686,1.9364128112792969,3.2640061378479004,0.9840733408927917,2.0871362686157227
22,3,turn_off_lightbulb,4,-0.15672540664672852,0.6760761737823486,0.7873507738113403,0.909004271030426,1.546917200088501,1.105229139328003,1.4771764278411865
23,3,turn_on_lightbulb,4,-2.0272088050842285,0.7014515995979309,0.5537487864494324,2.8707456588745117,3.698962688446045,4.175158500671387,4.882331848144531
24,3,turn_off_lightbulb,4,-0.2268226146697998,0.7661550641059875,0.577790379524231,1.2673723697662354,2.1485860347747803,1.8045146465301514,3.1923017501831055
25,3,lift_blue_block_slider,4,-0.9155340194702148,0.6787310838699341,0.7403488159179688,1.6555781364440918,2.5187747478485107,1.7934355735778809,2.9299585819244385
26,3,turn_on_lightbulb,4,-0.30324482917785645,0.6702678203582764,0.8711380362510681,0.7565922141075134,0.7806882858276367,0.6147783398628235,1.023292064666748
27,3,place_in_slider,4,0.7142605781555176,0.8155020475387573,0.9139532446861267,0.6722123622894287,1.3785899877548218,0.462965190410614,1.1741992235183716
28,3,turn_off_lightbulb,4,-0.29244041442871094,0.8043181896209717,0.6940935850143433,0.8847134113311768,1.4219164848327637,1.1210227012634277,1.8954298496246338
29,3,turn_on_lightbulb,4,-0.36212778091430664,0.8709808588027954,0.8092661499977112,1.0609588623046875,1.9763007164001465,0.6295485496520996,1.3926818370819092
30,3,place_in_slider,4,-2.6048407554626465,0.5726432204246521,0.6531571745872498,1.9705469608306885,2.3641140460968018,2.221475124359131,2.8544692993164062
31,3,turn_off_lightbulb,4,-0.031401634216308594,0.2765073776245117,0.059257641434669495,1.5177271366119385,1.985011339187622,2.0496439933776855,2.824268341064453
32,3,place_in_slider,4,2.220548152923584,0.877434492111206,0.8139971494674683,1.3878202438354492,2.017822742462158,1.3807859420776367,1.976265788078308
33,3,push_pink_block_right,4,-0.5380935668945312,0.6830523014068604,0.7827677130699158,1.6256723403930664,1.7909491062164307,1.21925687789917,1.6625741720199585
34,3,place_in_slider,4,2.1607532501220703,0.7167492508888245,0.61192786693573,0.9861549139022827,0.9354082345962524,1.2529957294464111,1.0758436918258667
35,10,place_in_slider,4,2.198698043823242,0.8447871208190918,0.768263041973114,1.3130064010620117,1.9963393211364746,1.0197668075561523,2.203897476196289
36,10,turn_off_lightbulb,4,-0.1556539535522461,0.8387649059295654,0.8509573936462402,0.4178411364555359,0.6348726749420166,0.6802759170532227,1.0130765438079834
37,10,lift_blue_block_slider,4,-0.9170932769775391,0.6326363682746887,0.6566189527511597,0.93710857629776,1.2242106199264526,1.2459999322891235,1.6759999990463257
38,10,place_in_slider,4,-0.7062816619873047,0.9134722352027893,0.9425990581512451,0.40327391028404236,1.3866312503814697,0.45189327001571655,2.03104829788208
39,10,lift_red_block_table,4,-0.3133101463317871,0.6184423565864563,0.6997912526130676,1.7416479587554932,2.233804702758789,2.23093843460083,2.9996743202209473
40,10,push_pink_block_right,4,-0.835087776184082,0.7425228357315063,0.7552098035812378,1.1020663976669312,1.4990127086639404,0.9805727601051331,1.6102522611618042
41,10,lift_red_block_table,4,-0.8319885730743408,0.5623214244842529,0.49864622950553894,1.2229338884353638,1.4001325368881226,0.9685914516448975,1.2709522247314453
42,10,place_in_slider,4,1.113755702972412,0.9075307846069336,0.8849337697029114,0.5077985525131226,1.4916326999664307,0.7403420209884644,2.4489850997924805
43,10,turn_off_lightbulb,4,-0.24411654472351074,0.7417498230934143,0.6779208779335022,0.6847295165061951,0.7646529674530029,0.9598991870880127,0.9894176125526428
44,10,push_pink_block_right,4,-3.24066424369812,0.6811255216598511,0.8101388216018677,0.4650193154811859,0.5036098957061768,0.33711132407188416,0.5351157188415527
45,10,turn_off_lightbulb,4,-0.286038875579834,0.6463189125061035,0.38819319009780884,0.43548518419265747,0.7507270574569702,0.49783986806869507,1.100182294845581
46,10,turn_on_lightbulb,4,-0.18435120582580566,0.23674353957176208,-0.11093532294034958,1.6153661012649536,1.5625145435333252,2.3553264141082764,2.367311477661133
47,10,lift_red_block_table,4,-0.7793312072753906,0.33822453022003174,0.3191557228565216,1.2221522331237793,1.4911779165267944,1.387407660484314,1.7903084754943848
48,10,turn_off_lightbulb,4,-0.20755338668823242,0.6404820084571838,0.3304397761821747,4.030729293823242,4.110867023468018,2.1861062049865723,3.2482800483703613
49,10,turn_on_lightbulb,4,-0.3640012741088867,0.4029311239719391,0.5668289065361023,0.3841918408870697,0.4213741421699524,0.35791465640068054,0.3907637596130371
50,10,push_pink_block_right,4,-3.164194345474243,0.6756066083908081,0.8096566200256348,0.7715277671813965,0.9168691039085388,0.3449278473854065,0.5449177026748657
51,10,turn_on_lightbulb,4,-0.2979851961135864,0.09367074072360992,0.5210683941841125,0.7073308229446411,0.48609617352485657,0.2886137068271637,0.40193039178848267
52,10,lift_blue_block_slider,4,-0.33618974685668945,0.7638963460922241,0.8429798483848572,0.786790668964386,1.449657917022705,0.7448135018348694,1.2154285907745361
53,10,turn_off_lightbulb,4,-0.061249494552612305,0.6739571690559387,0.5012935400009155,1.6239943504333496,1.9217052459716797,2.258481502532959,2.9505083560943604
54,10,turn_on_lightbulb,4,-0.17778992652893066,0.8177294731140137,0.827731192111969,0.31292086839675903,0.8805020451545715,0.448253870010376,0.8925735950469971
55,10,turn_off_lightbulb,4,-1.3607683181762695,-0.23449188470840454,0.1290551722049713,4.337791442871094,4.034760475158691,3.305192708969116,2.3917078971862793
56,10,place_in_slider,4,-1.578404426574707,0.8504530191421509,0.8474851250648499,1.220473289489746,2.472330093383789,1.5139331817626953,3.5845916271209717
57,10,lift_red_block_table,4,-0.14347219467163086,0.5686431527137756,0.7327227592468262,1.3868494033813477,1.4926860332489014,1.3244187831878662,1.64114248752594
58,10,place_in_slider,4,2.116093635559082,0.877940833568573,0.8623508810997009,0.6042400002479553,1.1682679653167725,0.7100867629051208,1.5935554504394531
59,10,lift_red_block_table,4,-0.11761808395385742,0.7381740212440491,0.7716396450996399,1.2319979667663574,1.839289903640747,1.416788935661316,2.038328170776367
60,10,turn_on_lightbulb,4,-0.1831521987915039,0.7750243544578552,0.6933170557022095,0.6062234044075012,1.0090383291244507,0.6997957229614258,1.1902952194213867
61,10,place_in_slider,4,1.9779834747314453,0.8596033453941345,0.7961215972900391,1.4041666984558105,2.117108106613159,1.2094773054122925,1.9189395904541016
62,20,turn_off_lightbulb,4,-0.3255561590194702,0.7962655425071716,0.8154036402702332,0.602725625038147,0.7666229009628296,0.4876004755496979,0.8079049587249756
63,20,push_pink_block_right,4,-1.5015430450439453,0.22113345563411713,0.34397581219673157,1.1757164001464844,1.2596254348754883,1.5802037715911865,1.9458128213882446
64,20,lift_red_block_table,4,-1.0022916793823242,0.6038145422935486,0.7396236062049866,1.5849013328552246,1.6776320934295654,1.8382246494293213,2.325680732727051
65,20,turn_on_lightbulb,4,-0.21017098426818848,0.7391719222068787,0.6968832612037659,0.8548521995544434,1.5506560802459717,1.1325562000274658,2.0057995319366455
66,20,turn_off_lightbulb,4,-0.2718329429626465,0.45960453152656555,0.43707093596458435,1.6182705163955688,1.8552206754684448,1.5252925157546997,2.56118106842041
67,20,lift_red_block_table,4,-1.8821659088134766,0.011051546782255173,0.17729036509990692,1.017737627029419,1.186926245689392,1.0670191049575806,0.9785687923431396
68,20,place_in_slider,4,-0.6076793670654297,0.8289670944213867,0.8439876437187195,0.6838718056678772,1.7658288478851318,0.9212643504142761,2.7132134437561035
69,20,push_pink_block_right,4,-0.5392889976501465,0.6348696351051331,0.5819385647773743,1.1024694442749023,1.5456836223602295,1.6420683860778809,2.2644739151000977
70,20,turn_off_lightbulb,4,-0.4040013551712036,0.844728410243988,0.8316265940666199,0.429877370595932,0.619378924369812,0.4619303345680237,0.7206857204437256
71,20,push_pink_block_right,4,-2.8555595874786377,0.6348963975906372,0.5699440240859985,1.329851746559143,1.7990055084228516,0.7558478713035583,1.111865758895874
72,20,place_in_slider,4,-0.050389766693115234,0.6621086597442627,0.7833467125892639,0.8175879120826721,1.9132049083709717,0.9399765133857727,2.927727222442627
73,21,lift_blue_block_slider,4,-1.0687174797058105,0.816914439201355,0.8419361114501953,0.40167370438575745,0.6313164234161377,0.5144047737121582,0.8062386512756348
74,21,lift_red_block_table,4,-0.7882423400878906,0.837804913520813,0.8102864623069763,1.180551528930664,2.110062599182129,1.3635847568511963,2.1096689701080322
75,21,place_in_slider,4,1.5327935218811035,0.9338782429695129,0.957129180431366,0.3791831135749817,0.6508288383483887,0.2369515299797058,0.7414913177490234
76,21,turn_on_lightbulb,4,-0.19530510902404785,0.5695313215255737,0.6729143261909485,0.2634226679801941,0.2819867730140686,0.17977172136306763,0.2001360058784485
77,21,turn_off_lightbulb,4,-0.4403083324432373,0.8542713522911072,0.8063544631004333,0.9462912082672119,1.3573825359344482,0.7476593852043152,1.0616695880889893
78,21,turn_on_lightbulb,4,-0.5465476512908936,0.7181029319763184,0.8040263056755066,0.9553696513175964,1.0166277885437012,1.1561431884765625,1.5164785385131836
79,21,push_pink_block_right,4,-1.9849135875701904,0.7830663919448853,0.8561899662017822,1.5437016487121582,2.2139439582824707,0.7041783332824707,1.3717820644378662
80,21,place_in_slider,4,1.418665885925293,0.8461160659790039,0.8935427665710449,1.1229435205459595,1.4250690937042236,0.575668215751648,1.3486411571502686
81,21,turn_on_lightbulb,4,-0.20527410507202148,0.01679329015314579,0.2863072454929352,1.0360369682312012,0.7571631073951721,0.5823614597320557,0.7531507015228271
82,21,lift_blue_block_slider,4,-0.9012494087219238,0.4674397110939026,0.5869542360305786,1.1264640092849731,1.4833457469940186,1.2523508071899414,1.505138635635376
83,21,turn_off_lightbulb,4,-0.05755043029785156,0.8141236305236816,0.8487710952758789,0.49537184834480286,0.6192773580551147,0.4901871383190155,0.6232311725616455
84,21,push_pink_block_right,4,-3.1005449295043945,0.8706293702125549,0.8894835710525513,1.4409055709838867,1.9016636610031128,1.279770851135254,1.9211032390594482
85,21,turn_off_lightbulb,4,-0.20421433448791504,0.7191308736801147,0.6998928785324097,0.43959158658981323,0.9179753661155701,0.43181684613227844,1.0664921998977661
86,21,push_pink_block_right,4,-3.0189993381500244,0.37505531311035156,0.2536081075668335,0.6317328810691833,0.7976880669593811,0.8791336417198181,1.18423330783844
87,21,place_in_slider,4,0.548926830291748,0.44312065839767456,0.7088820934295654,1.874741554260254,2.625692844390869,1.7070358991622925,3.750544786453247
88,21,lift_red_block_table,4,-0.39322853088378906,0.8073428273200989,0.8079737424850464,1.117821216583252,1.5159854888916016,0.5881215333938599,0.8805630207061768
89,21,place_in_slider,4,1.3656797409057617,0.8905555605888367,0.9024215340614319,0.39061442017555237,1.136833906173706,0.4511178731918335,1.860070824623108
90,21,turn_off_lightbulb,4,-0.2224736213684082,0.8671321272850037,0.8783570528030396,0.6566762924194336,0.9682209491729736,0.5099470615386963,0.9093162417411804
91,21,place_in_slider,4,-2.912156105041504,0.6329180598258972,0.6727656722068787,1.7643851041793823,2.307112455368042,2.093852996826172,2.945693254470825
92,21,turn_on_lightbulb,4,-0.41217124462127686,0.9017748236656189,0.8317164182662964,0.9865521788597107,1.7243118286132812,0.7559843063354492,1.4435174465179443
93,21,lift_blue_block_slider,4,-0.7936036586761475,0.6833708882331848,0.6800090074539185,0.972873866558075,1.30115807056427,1.2828187942504883,1.7323639392852783
94,21,push_pink_block_right,4,-0.5124979019165039,0.6593983769416809,0.6568892598152161,1.5328054428100586,1.8746039867401123,1.5511767864227295,2.1800436973571777
95,21,turn_on_lightbulb,4,-0.36643123626708984,0.5715596675872803,0.639695405960083,0.4744213819503784,0.6653836369514465,0.7125701904296875,0.802424967288971
96,21,lift_blue_block_slider,4,-0.9491584300994873,0.6478402614593506,0.6781760454177856,0.46085238456726074,0.7453937530517578,0.4820946753025055,0.805363118648529
97,21,lift_red_block_table,4,-0.37471771240234375,0.6951146125793457,0.6937099695205688,1.3601776361465454,1.8780791759490967,1.9654765129089355,2.9058351516723633
98,21,place_in_slider,4,0.5844879150390625,0.7244929075241089,0.5445404648780823,1.073305368423462,1.7547060251235962,1.1436069011688232,2.474900484085083
99,21,turn_on_lightbulb,4,-0.18078041076660156,0.5921438336372375,0.5813456773757935,0.3293837606906891,0.36979275941848755,0.3713504672050476,0.3802110552787781
100,21,lift_red_block_table,4,-0.20965099334716797,0.8189334273338318,0.8871561884880066,0.3430892825126648,0.5180544257164001,0.4660491943359375,0.6574106812477112
101,21,lift_blue_block_slider,4,-0.9256987571716309,0.5155446529388428,0.4771629571914673,0.5689667463302612,0.8556672930717468,0.6174355149269104,0.748171329498291
102,21,place_in_slider,4,1.2412605285644531,0.8159617781639099,0.7568418979644775,0.9858449697494507,1.4748852252960205,1.0679543018341064,1.7629644870758057
103,21,turn_on_lightbulb,4,-0.4843928813934326,0.8960550427436829,0.8311104774475098,0.7518060207366943,1.5906482934951782,0.880809485912323,1.7387754917144775
104,21,place_in_slider,4,1.7734246253967285,0.8793063163757324,0.7986624836921692,0.77202969789505,1.6842037439346313,0.7079848051071167,2.1473093032836914
105,21,turn_off_lightbulb,4,-0.3122546672821045,0.7563835382461548,0.5665755271911621,0.9150384664535522,1.4704875946044922,1.3111963272094727,2.1717827320098877
106,21,place_in_slider,4,1.430281639099121,0.8868980407714844,0.92203289270401,0.30364590883255005,0.646774411201477,0.33009999990463257,0.883721113204956
107,25,lift_blue_block_slider,4,-0.8010711669921875,0.8135101795196533,0.8877712488174438,0.8840810060501099,1.6417304277420044,1.056879997253418,1.9424577951431274
108,25,place_in_slider,4,-1.6199560165405273,0.6722916960716248,0.7232972979545593,1.4008489847183228,1.034128189086914,1.2785396575927734,1.0851072072982788
109,25,turn_on_lightbulb,4,-0.28462541103363037,0.8514323234558105,0.7551780343055725,0.7697231769561768,1.3813810348510742,0.5383285284042358,1.0533864498138428
110,25,turn_off_lightbulb,4,-0.10909724235534668,0.8166769742965698,0.7694941163063049,0.33895960450172424,0.5089015364646912,0.3927653431892395,0.607948899269104
111,25,lift_red_block_table,4,-0.2057938575744629,0.7561271786689758,0.7174085378646851,2.4161386489868164,2.9876456260681152,2.1998705863952637,2.9464948177337646
112,25,turn_on_lightbulb,4,-0.133225679397583,0.71706223487854,0.839946448802948,0.4601275324821472,0.5192539095878601,0.42882221937179565,0.7832947969436646
113,25,lift_blue_block_slider,4,-0.9730467796325684,0.6204083561897278,0.8094338178634644,1.4319651126861572,1.9113880395889282,1.2366900444030762,1.6906676292419434
114,25,turn_off_lightbulb,4,-0.15830719470977783,0.751929759979248,0.6393511891365051,0.8095475435256958,0.9768730401992798,1.0098395347595215,0.9983863830566406
115,25,lift_blue_block_slider,4,-1.0436716079711914,0.774341344833374,0.8866552710533142,0.9044271111488342,1.3482569456100464,0.7812789678573608,1.4753987789154053
116,25,place_in_slider,4,1.4082517623901367,0.8333859443664551,0.825511634349823,0.7425518035888672,1.105837345123291,0.9404786825180054,1.5292236804962158
117,25,turn_on_lightbulb,4,-0.5155932903289795,0.8260483741760254,0.8147814273834229,2.342289447784424,2.4359707832336426,1.2462975978851318,1.7138888835906982
118,25,turn_off_lightbulb,4,-0.20239508152008057,0.8646499514579773,0.7885885834693909,0.6866616606712341,0.9946221709251404,0.8550004959106445,1.1919646263122559
119,25,lift_red_block_table,4,-0.2592329978942871,0.7256247401237488,0.7527812123298645,1.0110101699829102,1.1923116445541382,0.7014538645744324,1.111726999282837
120,25,lift_blue_block_slider,4,-0.6637983322143555,0.7709642052650452,0.8736134767532349,0.4686133563518524,0.5815818309783936,0.4456806182861328,0.6600725054740906
121,25,turn_on_lightbulb,4,-0.4881800413131714,0.9490576386451721,0.9332219362258911,0.7161156535148621,1.3276047706604004,0.21073171496391296,0.5311908721923828
122,29,turn_off_lightbulb,4,-0.19710159301757812,0.8631477952003479,0.8812722563743591,0.6416322588920593,0.7774674892425537,0.6635107398033142,0.924850344657898
123,29,place_in_slider,4,0.7671012878417969,0.6590343117713928,0.730390191078186,1.2286722660064697,1.8189595937728882,1.4269227981567383,2.799283504486084
124,29,turn_on_lightbulb,4,-0.2155379056930542,0.471123069524765,0.7041217088699341,0.5774503946304321,0.4432661831378937,0.2669891119003296,0.3715995252132416
125,29,lift_red_block_table,4,-0.16337299346923828,0.7090845108032227,0.8399549126625061,1.4431627988815308,1.5787484645843506,1.245164394378662,1.7362807989120483
126,29,place_in_slider,4,1.6267800331115723,0.8355891108512878,0.8086433410644531,0.6584640741348267,0.9746408462524414,0.8300758600234985,1.0182361602783203
127,29,lift_blue_block_slider,4,-0.5717208385467529,0.6471790075302124,0.749612033367157,0.5371330976486206,1.0093393325805664,0.45490723848342896,0.6503289341926575
128,29,place_in_slider,4,0.8926358222961426,0.9522575736045837,0.9443191289901733,0.2737732529640198,0.6372342705726624,0.23881922662258148,0.656636118888855
129,29,push_pink_block_right,4,-1.1160011291503906,0.7063758969306946,0.766552746295929,0.8712059259414673,1.3162614107131958,1.0095726251602173,1.3971935510635376
130,29,place_in_slider,4,-1.277604579925537,0.8358511328697205,0.8814289569854736,0.7158664464950562,2.033745050430298,0.8508507013320923,3.2153003215789795
131,29,lift_red_block_table,4,-0.4691648483276367,0.5582113862037659,0.6244096755981445,2.588247060775757,2.621417760848999,1.7605204582214355,2.2859060764312744
132,29,lift_blue_block_slider,4,-0.3891329765319824,0.6448361277580261,0.726054847240448,0.5442197322845459,0.8279417157173157,0.5719687938690186,0.6830096244812012
133,29,turn_on_lightbulb,4,-1.0203895568847656,0.38181182742118835,0.47877243161201477,1.8577239513397217,2.3240246772766113,1.658207654953003,2.3398313522338867
134,29,push_pink_block_right,4,-2.401019334793091,0.5185917615890503,0.0912771075963974,1.1427226066589355,1.5952943563461304,1.3515208959579468,1.770594596862793
135,29,lift_blue_block_slider,4,-0.4390559196472168,0.8483771681785583,0.8473809957504272,0.9505389928817749,1.289097547531128,1.216686487197876,1.9750661849975586
136,29,turn_off_lightbulb,4,-0.20449304580688477,0.8094038367271423,0.7621415257453918,0.5533297061920166,0.6866558790206909,0.8218024969100952,0.9092316627502441
137,29,lift_red_block_table,4,-0.4070734977722168,0.6469045281410217,0.7943318486213684,0.5288168787956238,0.6928097605705261,0.29967376589775085,0.5631357431411743
138,29,turn_on_lightbulb,4,-0.16076397895812988,0.44642120599746704,0.5574031472206116,0.5337247252464294,0.9196718335151672,0.7172842025756836,1.1291041374206543
