sample,session,goal,horizon,mean_source_distance,mean_neighbor_displacement_cosine,D2_cosine
0,3,turn_off_lightbulb,1,3.5335495471954346,0.454132616519928,0.8584451079368591
1,3,lift_red_block_table,1,3.9745750427246094,0.34655824303627014,0.7673186659812927
2,3,lift_blue_block_slider,1,4.296760559082031,0.09725308418273926,0.3982478082180023
3,3,push_pink_block_right,1,5.724740505218506,0.38067901134490967,0.815711259841919
4,3,turn_on_lightbulb,1,7.5287299156188965,-0.07438482344150543,-0.3098756968975067
5,3,lift_red_block_table,1,4.851327896118164,0.09331981092691422,0.2738846242427826
6,3,turn_on_lightbulb,1,4.021000385284424,0.313181072473526,0.7842037677764893
7,3,lift_red_block_table,1,4.360657691955566,0.22886288166046143,0.5499248504638672
8,3,place_in_slider,1,3.8094284534454346,0.76563560962677,0.941004753112793
9,3,turn_on_lightbulb,1,4.511115550994873,0.09464053809642792,0.5129188895225525
10,3,lift_red_block_table,1,4.530976295471191,0.03954092413187027,0.2057325392961502
11,3,place_in_slider,1,3.5054752826690674,0.48199668526649475,0.8613728880882263
12,3,turn_on_lightbulb,1,4.430495738983154,0.3422814905643463,0.742631733417511
13,3,turn_off_lightbulb,1,4.0191826820373535,0.18625180423259735,0.3885253667831421
14,3,lift_blue_block_slider,1,5.2122368812561035,0.09366152435541153,0.2838522791862488
15,3,lift_red_block_table,1,5.022512435913086,-0.11059510707855225,-0.31608250737190247
16,3,turn_off_lightbulb,1,5.4574432373046875,0.3638918995857239,0.7824286222457886
17,3,turn_on_lightbulb,1,2.8783247470855713,0.5593953728675842,0.9100341200828552
18,3,lift_red_block_table,1,4.714816570281982,0.2596096992492676,0.6158034205436707
19,3,turn_off_lightbulb,1,4.498811721801758,0.3568691909313202,0.7030726075172424
20,3,place_in_slider,1,3.9565765857696533,0.4194942116737366,0.8025118708610535
21,3,turn_on_lightbulb,1,5.388446807861328,0.11050377041101456,0.5986865162849426
22,3,turn_off_lightbulb,1,4.067629814147949,0.3060706853866577,0.8197368383407593
23,3,turn_on_lightbulb,1,4.0602126121521,0.3041670322418213,0.7263683080673218
24,3,turn_off_lightbulb,1,4.668313503265381,0.4179866909980774,0.911964476108551
25,3,lift_blue_block_slider,1,5.711239814758301,0.19965898990631104,0.6338479518890381
26,3,turn_on_lightbulb,1,3.471411943435669,0.12285564839839935,0.25424501299858093
27,3,place_in_slider,1,3.7243523597717285,0.5235985517501831,0.8810727596282959
28,3,turn_off_lightbulb,1,4.614678859710693,0.297640860080719,0.6211227774620056
29,3,turn_on_lightbulb,1,4.3355302810668945,0.20425668358802795,0.6496770977973938
30,3,place_in_slider,1,4.488783836364746,0.4675844609737396,0.7573875784873962
31,3,turn_off_lightbulb,1,6.558995723724365,0.19100521504878998,0.5128078460693359
32,3,place_in_slider,1,3.8989386558532715,0.5381881594657898,0.8506013751029968
33,3,push_pink_block_right,1,5.298426628112793,0.30908501148223877,0.6444684863090515
34,3,place_in_slider,1,4.202823162078857,0.707008957862854,0.9081240296363831
35,10,place_in_slider,1,3.4785008430480957,0.7518512010574341,0.9227775931358337
36,10,turn_off_lightbulb,1,3.9125514030456543,0.43927136063575745,0.8915590047836304
37,10,lift_blue_block_slider,1,5.204770088195801,0.08487247675657272,0.3086194097995758
38,10,place_in_slider,1,3.6211555004119873,0.656909704208374,0.876584529876709
39,10,lift_red_block_table,1,5.681212425231934,0.07150495797395706,0.28188103437423706
40,10,push_pink_block_right,1,4.098728656768799,0.12206260859966278,0.23462489247322083
41,10,lift_red_block_table,1,4.3352742195129395,0.319122850894928,0.7939990758895874
42,10,place_in_slider,1,3.6480000019073486,0.7643682360649109,0.938571572303772
43,10,turn_off_lightbulb,1,3.7095608711242676,0.1370489001274109,0.30867061018943787
44,10,push_pink_block_right,1,4.2984795570373535,-0.07756249606609344,-0.15543146431446075
45,10,turn_off_lightbulb,1,4.091378211975098,0.2454552948474884,0.5258039236068726
46,10,turn_on_lightbulb,1,6.786690711975098,0.1744874119758606,0.3794390559196472
47,10,lift_red_block_table,1,4.986090660095215,0.24008309841156006,0.5730991959571838
48,10,turn_off_lightbulb,1,7.134694576263428,0.14307664334774017,0.21251913905143738
49,10,turn_on_lightbulb,1,2.9954941272735596,0.4952189028263092,0.782684862613678
50,10,push_pink_block_right,1,4.332320213317871,-0.02325471118092537,-0.059186648577451706
51,10,turn_on_lightbulb,1,2.9750161170959473,0.4500478208065033,0.8169940710067749
52,10,lift_blue_block_slider,1,3.4847843647003174,0.402209997177124,0.8891158103942871
53,10,turn_off_lightbulb,1,6.375470161437988,0.25296565890312195,0.6729888916015625
54,10,turn_on_lightbulb,1,3.0995185375213623,0.5403228998184204,0.8643819689750671
55,10,turn_off_lightbulb,1,3.4002578258514404,0.3096233904361725,0.5822649002075195
56,10,place_in_slider,1,3.7885241508483887,0.7421594262123108,0.9081634879112244
57,10,lift_red_block_table,1,4.786089897155762,0.10073566436767578,0.2287578582763672
58,10,place_in_slider,1,3.829663038253784,0.42247384786605835,0.7807816863059998
59,10,lift_red_block_table,1,4.57366418838501,-0.0845847874879837,-0.23193852603435516
60,10,turn_on_lightbulb,1,4.339343547821045,0.10223455727100372,0.4792027175426483
61,10,place_in_slider,1,4.163318634033203,0.6327412724494934,0.8588564991950989
62,20,turn_off_lightbulb,1,3.9723639488220215,0.16043926775455475,0.430220365524292
63,20,push_pink_block_right,1,5.68890905380249,-0.10210055112838745,0.08339330554008484
64,20,lift_red_block_table,1,4.636343479156494,0.11107995361089706,0.3514630198478699
65,20,turn_on_lightbulb,1,4.933037757873535,0.512809693813324,0.8886754512786865
66,20,turn_off_lightbulb,1,5.535839080810547,0.2425120621919632,0.5476282835006714
67,20,lift_red_block_table,1,4.282834053039551,-0.059829335659742355,-0.21295976638793945
68,20,place_in_slider,1,3.9125781059265137,0.6959159970283508,0.8461529016494751
69,20,push_pink_block_right,1,4.472760200500488,0.35502374172210693,0.9136140942573547
70,20,turn_off_lightbulb,1,3.5829849243164062,0.2435108870267868,0.47462135553359985
71,20,push_pink_block_right,1,5.138917446136475,0.054538775235414505,0.30779510736465454
72,20,place_in_slider,1,3.7778446674346924,0.7598161697387695,0.9314723014831543
73,21,lift_blue_block_slider,1,4.639946460723877,0.257077693939209,0.7370084524154663
74,21,lift_red_block_table,1,4.034428596496582,0.35489940643310547,0.8411312699317932
75,21,place_in_slider,1,3.3883328437805176,0.5088445544242859,0.8657190203666687
76,21,turn_on_lightbulb,1,2.7417283058166504,0.5019208788871765,0.8453183174133301
77,21,turn_off_lightbulb,1,4.054813385009766,0.3953261077404022,0.786445140838623
78,21,turn_on_lightbulb,1,3.9268085956573486,0.26899006962776184,0.6959508657455444
79,21,push_pink_block_right,1,5.353358745574951,0.33091357350349426,0.6729585528373718
80,21,place_in_slider,1,3.0548622608184814,0.48079919815063477,0.7900753617286682
81,21,turn_on_lightbulb,1,3.6667213439941406,0.31481969356536865,0.6135378479957581
82,21,lift_blue_block_slider,1,4.311428546905518,0.27479287981987,0.6092758178710938
83,21,turn_off_lightbulb,1,4.508633613586426,0.29782506823539734,0.5643974542617798
84,21,push_pink_block_right,1,5.4371771812438965,0.1922094076871872,0.4973589777946472
85,21,turn_off_lightbulb,1,4.094329833984375,0.36841171979904175,0.8575441241264343
86,21,push_pink_block_right,1,5.278273582458496,-0.32884514331817627,-0.5219573378562927
87,21,place_in_slider,1,4.4325056076049805,0.6786540746688843,0.8628172874450684
88,21,lift_red_block_table,1,4.300070762634277,0.0640963688492775,0.2739174962043762
89,21,place_in_slider,1,3.5121188163757324,0.7820168137550354,0.956058919429779
90,21,turn_off_lightbulb,1,3.5814807415008545,0.4042634963989258,0.8584423065185547
91,21,place_in_slider,1,3.871875762939453,0.39642569422721863,0.6886749863624573
92,21,turn_on_lightbulb,1,4.619962692260742,0.1598740518093109,0.5705212354660034
93,21,lift_blue_block_slider,1,4.714603900909424,-0.012490433640778065,0.023242594674229622
94,21,push_pink_block_right,1,5.045737266540527,0.1993986964225769,0.4822574853897095
95,21,turn_on_lightbulb,1,2.9295856952667236,0.4456241726875305,0.70706707239151
96,21,lift_blue_block_slider,1,4.075942039489746,0.19870774447917938,0.373853474855423
97,21,lift_red_block_table,1,4.645026206970215,0.0613994374871254,0.3333050310611725
98,21,place_in_slider,1,4.7974395751953125,0.5250835418701172,0.8413547873497009
99,21,turn_on_lightbulb,1,3.654850721359253,0.38088056445121765,0.6579666137695312
100,21,lift_red_block_table,1,4.251870155334473,0.10990029573440552,0.4048590660095215
101,21,lift_blue_block_slider,1,3.9176058769226074,0.27452632784843445,0.5723880529403687
102,21,place_in_slider,1,4.452220439910889,0.594025731086731,0.801611065864563
103,21,turn_on_lightbulb,1,4.584624767303467,0.034032683819532394,0.17780452966690063
104,21,place_in_slider,1,3.9395687580108643,0.7422114014625549,0.9552582502365112
105,21,turn_off_lightbulb,1,4.746855735778809,0.37012773752212524,0.7723537087440491
106,21,place_in_slider,1,2.845829486846924,0.536948561668396,0.884658932685852
107,25,lift_blue_block_slider,1,5.122994422912598,-0.051955051720142365,-0.09949517250061035
108,25,place_in_slider,1,3.2790229320526123,0.29459115862846375,0.5166407227516174
109,25,turn_on_lightbulb,1,4.197613716125488,0.20559871196746826,0.5788647532463074
110,25,turn_off_lightbulb,1,3.84100604057312,0.3651030957698822,0.8352044224739075
111,25,lift_red_block_table,1,6.302628517150879,0.06721945106983185,0.23182451725006104
112,25,turn_on_lightbulb,1,3.2333426475524902,0.4403053820133209,0.7700863480567932
113,25,lift_blue_block_slider,1,4.755268096923828,-0.01047030184417963,0.013672856613993645
114,25,turn_off_lightbulb,1,3.541735887527466,0.3162568509578705,0.7489680051803589
115,25,lift_blue_block_slider,1,4.926383018493652,-0.05619560927152634,-0.09739658236503601
116,25,place_in_slider,1,3.5701377391815186,0.1689532995223999,0.3753323256969452
117,25,turn_on_lightbulb,1,4.271069049835205,0.1686711460351944,0.5210581421852112
118,25,turn_off_lightbulb,1,4.295169830322266,0.3971160352230072,0.7550225853919983
119,25,lift_red_block_table,1,4.3461503982543945,0.05656939744949341,0.2537309527397156
120,25,lift_blue_block_slider,1,4.021613121032715,0.06788963824510574,0.21540318429470062
121,25,turn_on_lightbulb,1,4.255890369415283,0.2897051274776459,0.6993623375892639
122,29,turn_off_lightbulb,1,4.136916637420654,0.32326701283454895,0.6521894931793213
123,29,place_in_slider,1,3.6060378551483154,0.75534987449646,0.9497644901275635
124,29,turn_on_lightbulb,1,2.9275927543640137,0.17680761218070984,0.38964197039604187
125,29,lift_red_block_table,1,4.068875312805176,0.13003133237361908,0.43509745597839355
126,29,place_in_slider,1,3.2272133827209473,0.3266081213951111,0.6399173140525818
127,29,lift_blue_block_slider,1,3.535512924194336,0.35236915946006775,0.8514147996902466
128,29,place_in_slider,1,3.609973192214966,0.4602115750312805,0.7263219952583313
129,29,push_pink_block_right,1,3.291508913040161,-0.12233519554138184,-0.27652275562286377
130,29,place_in_slider,1,3.8796424865722656,0.6396649479866028,0.8309983611106873
131,29,lift_red_block_table,1,5.051883697509766,0.04919033125042915,0.11957650631666183
132,29,lift_blue_block_slider,1,4.364034175872803,0.31619441509246826,0.8064723610877991
133,29,turn_on_lightbulb,1,4.460686683654785,0.3448565602302551,0.8105161786079407
134,29,push_pink_block_right,1,6.068255424499512,-0.05262162163853645,0.05858989804983139
135,29,lift_blue_block_slider,1,3.988635301589966,0.3057192862033844,0.7062228918075562
136,29,turn_off_lightbulb,1,3.595397472381592,0.29657772183418274,0.6155347228050232
137,29,lift_red_block_table,1,4.228980541229248,0.35697656869888306,0.8363051414489746
138,29,turn_on_lightbulb,1,2.9669301509857178,0.15244460105895996,0.26430994272232056
0,3,turn_off_lightbulb,2,3.5335495471954346,0.6084967255592346,0.9075725674629211
1,3,lift_red_block_table,2,3.9745750427246094,0.40987730026245117,0.809518039226532
2,3,lift_blue_block_slider,2,4.296760559082031,0.26832321286201477,0.7338303923606873
3,3,push_pink_block_right,2,5.724740505218506,0.49496346712112427,0.7817187309265137
4,3,turn_on_lightbulb,2,7.5287299156188965,-0.04330051690340042,-0.11171414703130722
5,3,lift_red_block_table,2,4.851327896118164,0.1469404548406601,0.4538883566856384
6,3,turn_on_lightbulb,2,4.021000385284424,0.3429676592350006,0.7957839369773865
7,3,lift_red_block_table,2,4.360657691955566,0.33791276812553406,0.7361887097358704
8,3,place_in_slider,2,3.8094284534454346,0.581112265586853,0.7411376237869263
9,3,turn_on_lightbulb,2,4.511115550994873,0.21591977775096893,0.7049750685691833
10,3,lift_red_block_table,2,4.530976295471191,0.17016062140464783,0.42482224106788635
11,3,place_in_slider,2,3.5054752826690674,0.2504650950431824,0.5184012651443481
12,3,turn_on_lightbulb,2,4.430495738983154,0.5100272297859192,0.886378824710846
13,3,turn_off_lightbulb,2,4.0191826820373535,0.4970387816429138,0.7686423063278198
14,3,lift_blue_block_slider,2,5.2122368812561035,0.23353978991508484,0.531498372554779
15,3,lift_red_block_table,2,5.022512435913086,-0.03192632272839546,-0.06446157395839691
16,3,turn_off_lightbulb,2,5.4574432373046875,0.558408260345459,0.8944409489631653
17,3,turn_on_lightbulb,2,2.8783247470855713,0.5788671374320984,0.8138140439987183
18,3,lift_red_block_table,2,4.714816570281982,0.42352619767189026,0.7284421324729919
19,3,turn_off_lightbulb,2,4.498811721801758,0.5572268962860107,0.8490973711013794
20,3,place_in_slider,2,3.9565765857696533,0.36679428815841675,0.7046211957931519
21,3,turn_on_lightbulb,2,5.388446807861328,0.16077227890491486,0.5394445061683655
22,3,turn_off_lightbulb,2,4.067629814147949,0.2063858062028885,0.41709214448928833
23,3,turn_on_lightbulb,2,4.0602126121521,0.33658745884895325,0.7440139651298523
24,3,turn_off_lightbulb,2,4.668313503265381,0.5921772718429565,0.9019845128059387
25,3,lift_blue_block_slider,2,5.711239814758301,0.3120795488357544,0.7166589498519897
26,3,turn_on_lightbulb,2,3.471411943435669,0.4198470711708069,0.57069331407547
27,3,place_in_slider,2,3.7243523597717285,0.4176871180534363,0.8963474035263062
28,3,turn_off_lightbulb,2,4.614678859710693,0.5627252459526062,0.827099084854126
29,3,turn_on_lightbulb,2,4.3355302810668945,0.3200473189353943,0.8110314011573792
30,3,place_in_slider,2,4.488783836364746,0.34151899814605713,0.5157864093780518
31,3,turn_off_lightbulb,2,6.558995723724365,0.46937447786331177,0.7698870301246643
32,3,place_in_slider,2,3.8989386558532715,0.48787862062454224,0.7081416845321655
33,3,push_pink_block_right,2,5.298426628112793,0.4981350898742676,0.7890587449073792
34,3,place_in_slider,2,4.202823162078857,0.5780302286148071,0.7860274314880371
35,10,place_in_slider,2,3.4785008430480957,0.6872420310974121,0.8786877393722534
36,10,turn_off_lightbulb,2,3.9125514030456543,0.5705465078353882,0.8886268138885498
37,10,lift_blue_block_slider,2,5.204770088195801,0.1999095380306244,0.617796003818512
38,10,place_in_slider,2,3.6211555004119873,0.5746043920516968,0.8041032552719116
39,10,lift_red_block_table,2,5.681212425231934,0.10499183088541031,0.4911178648471832
40,10,push_pink_block_right,2,4.098728656768799,0.15800556540489197,0.36063602566719055
41,10,lift_red_block_table,2,4.3352742195129395,0.4336220324039459,0.8088366389274597
42,10,place_in_slider,2,3.6480000019073486,0.6787863969802856,0.9205299019813538
43,10,turn_off_lightbulb,2,3.7095608711242676,0.42867588996887207,0.5954849123954773
44,10,push_pink_block_right,2,4.2984795570373535,0.20284819602966309,0.4361152648925781
45,10,turn_off_lightbulb,2,4.091378211975098,0.46505483984947205,0.7365221381187439
46,10,turn_on_lightbulb,2,6.786690711975098,0.23815476894378662,0.37381720542907715
47,10,lift_red_block_table,2,4.986090660095215,0.29984554648399353,0.6378142237663269
48,10,turn_off_lightbulb,2,7.134694576263428,0.3565821647644043,0.5459591150283813
49,10,turn_on_lightbulb,2,2.9954941272735596,0.5305546522140503,0.7392789125442505
50,10,push_pink_block_right,2,4.332320213317871,0.3024384379386902,0.5421950817108154
51,10,turn_on_lightbulb,2,2.9750161170959473,0.4088061451911926,0.5781888365745544
52,10,lift_blue_block_slider,2,3.4847843647003174,0.31643468141555786,0.7320365309715271
53,10,turn_off_lightbulb,2,6.375470161437988,0.49580225348472595,0.811305582523346
54,10,turn_on_lightbulb,2,3.0995185375213623,0.6152527928352356,0.9259229302406311
55,10,turn_off_lightbulb,2,3.4002578258514404,0.3577519953250885,0.5655556321144104
56,10,place_in_slider,2,3.7885241508483887,0.6408650875091553,0.8643788695335388
57,10,lift_red_block_table,2,4.786089897155762,0.3531917631626129,0.6130184531211853
58,10,place_in_slider,2,3.829663038253784,0.3428417444229126,0.7478771209716797
59,10,lift_red_block_table,2,4.57366418838501,0.0185248963534832,0.08750765770673752
60,10,turn_on_lightbulb,2,4.339343547821045,0.1905076950788498,0.5641055107116699
61,10,place_in_slider,2,4.163318634033203,0.5717058777809143,0.8168958425521851
62,20,turn_off_lightbulb,2,3.9723639488220215,0.5363444089889526,0.7976838946342468
63,20,push_pink_block_right,2,5.68890905380249,0.423222154378891,0.8014330863952637
64,20,lift_red_block_table,2,4.636343479156494,0.15392789244651794,0.41608476638793945
65,20,turn_on_lightbulb,2,4.933037757873535,0.4836219847202301,0.835224986076355
66,20,turn_off_lightbulb,2,5.535839080810547,0.5160465836524963,0.780475378036499
67,20,lift_red_block_table,2,4.282834053039551,-0.20076222717761993,-0.4506034553050995
68,20,place_in_slider,2,3.9125781059265137,0.5926907658576965,0.8159551024436951
69,20,push_pink_block_right,2,4.472760200500488,0.5386943221092224,0.8849672675132751
70,20,turn_off_lightbulb,2,3.5829849243164062,0.5897290110588074,0.8625736236572266
71,20,push_pink_block_right,2,5.138917446136475,0.3178756535053253,0.6954919099807739
72,20,place_in_slider,2,3.7778446674346924,0.5312360525131226,0.6185895204544067
73,21,lift_blue_block_slider,2,4.639946460723877,0.45004740357398987,0.8771904706954956
74,21,lift_red_block_table,2,4.034428596496582,0.45866698026657104,0.798039972782135
75,21,place_in_slider,2,3.3883328437805176,0.47242647409439087,0.8961847424507141
76,21,turn_on_lightbulb,2,2.7417283058166504,0.5335392951965332,0.7639363408088684
77,21,turn_off_lightbulb,2,4.054813385009766,0.46202412247657776,0.7264195084571838
78,21,turn_on_lightbulb,2,3.9268085956573486,0.2944827675819397,0.6970652937889099
79,21,push_pink_block_right,2,5.353358745574951,0.5910274386405945,0.8840887546539307
80,21,place_in_slider,2,3.0548622608184814,0.2780364751815796,0.4026796221733093
81,21,turn_on_lightbulb,2,3.6667213439941406,0.38332605361938477,0.5721380710601807
82,21,lift_blue_block_slider,2,4.311428546905518,0.3608950078487396,0.696596086025238
83,21,turn_off_lightbulb,2,4.508633613586426,0.48520153760910034,0.7493264079093933
84,21,push_pink_block_right,2,5.4371771812438965,0.441194623708725,0.7925182580947876
85,21,turn_off_lightbulb,2,4.094329833984375,0.49398407340049744,0.8088006377220154
86,21,push_pink_block_right,2,5.278273582458496,-0.0632031112909317,0.10160811990499496
87,21,place_in_slider,2,4.4325056076049805,0.6256513595581055,0.8712003231048584
88,21,lift_red_block_table,2,4.300070762634277,0.17888924479484558,0.5956692695617676
89,21,place_in_slider,2,3.5121188163757324,0.6732463836669922,0.9358401894569397
90,21,turn_off_lightbulb,2,3.5814807415008545,0.5566841959953308,0.8182241916656494
91,21,place_in_slider,2,3.871875762939453,0.43282943964004517,0.6603177189826965
92,21,turn_on_lightbulb,2,4.619962692260742,0.19474086165428162,0.7336641550064087
93,21,lift_blue_block_slider,2,4.714603900909424,0.26656264066696167,0.6358823776245117
94,21,push_pink_block_right,2,5.045737266540527,0.4701352119445801,0.8265509605407715
95,21,turn_on_lightbulb,2,2.9295856952667236,0.5201376676559448,0.7227884531021118
96,21,lift_blue_block_slider,2,4.075942039489746,0.3534505367279053,0.6741881370544434
97,21,lift_red_block_table,2,4.645026206970215,0.13355422019958496,0.5619893670082092
98,21,place_in_slider,2,4.7974395751953125,0.47057756781578064,0.8149309158325195
99,21,turn_on_lightbulb,2,3.654850721359253,0.4486205577850342,0.6713763475418091
100,21,lift_red_block_table,2,4.251870155334473,0.0197189562022686,0.05587850883603096
101,21,lift_blue_block_slider,2,3.9176058769226074,0.37029963731765747,0.7518764734268188
102,21,place_in_slider,2,4.452220439910889,0.6001467108726501,0.8133877515792847
103,21,turn_on_lightbulb,2,4.584624767303467,0.18038317561149597,0.6705436110496521
104,21,place_in_slider,2,3.9395687580108643,0.6292179226875305,0.9400060176849365
105,21,turn_off_lightbulb,2,4.746855735778809,0.43083205819129944,0.711567759513855
106,21,place_in_slider,2,2.845829486846924,0.3682108521461487,0.7576853632926941
107,25,lift_blue_block_slider,2,5.122994422912598,0.21069912612438202,0.5929520726203918
108,25,place_in_slider,2,3.2790229320526123,0.25096195936203003,0.3737080693244934
109,25,turn_on_lightbulb,2,4.197613716125488,0.28876787424087524,0.6941998600959778
110,25,turn_off_lightbulb,2,3.84100604057312,0.4205683767795563,0.6827864646911621
111,25,lift_red_block_table,2,6.302628517150879,0.21103279292583466,0.6901804804801941
112,25,turn_on_lightbulb,2,3.2333426475524902,0.5026094317436218,0.722937285900116
113,25,lift_blue_block_slider,2,4.755268096923828,0.18653492629528046,0.49513673782348633
114,25,turn_off_lightbulb,2,3.541735887527466,0.5458270907402039,0.8192741274833679
115,25,lift_blue_block_slider,2,4.926383018493652,0.08660662919282913,0.28909459710121155
116,25,place_in_slider,2,3.5701377391815186,0.1009707823395729,0.1478453129529953
117,25,turn_on_lightbulb,2,4.271069049835205,0.2071877270936966,0.5720314979553223
118,25,turn_off_lightbulb,2,4.295169830322266,0.5662416219711304,0.8247716426849365
119,25,lift_red_block_table,2,4.3461503982543945,0.17378616333007812,0.5616070032119751
120,25,lift_blue_block_slider,2,4.021613121032715,0.29202383756637573,0.61952805519104
121,25,turn_on_lightbulb,2,4.255890369415283,0.383590966463089,0.8133604526519775
122,29,turn_off_lightbulb,2,4.136916637420654,0.46665939688682556,0.6933391690254211
123,29,place_in_slider,2,3.6060378551483154,0.6219974756240845,0.8611090183258057
124,29,turn_on_lightbulb,2,2.9275927543640137,0.34865227341651917,0.4945296049118042
125,29,lift_red_block_table,2,4.068875312805176,0.3253067135810852,0.8617745637893677
126,29,place_in_slider,2,3.2272133827209473,0.2994115352630615,0.779438853263855
127,29,lift_blue_block_slider,2,3.535512924194336,0.30195528268814087,0.6467166543006897
128,29,place_in_slider,2,3.609973192214966,0.48498374223709106,0.6690459251403809
129,29,push_pink_block_right,2,3.291508913040161,0.4517216086387634,0.7767095565795898
130,29,place_in_slider,2,3.8796424865722656,0.5817921161651611,0.8625951409339905
131,29,lift_red_block_table,2,5.051883697509766,0.25410184264183044,0.6320325136184692
132,29,lift_blue_block_slider,2,4.364034175872803,0.30520421266555786,0.7599987983703613
133,29,turn_on_lightbulb,2,4.460686683654785,0.30762773752212524,0.7930164337158203
134,29,push_pink_block_right,2,6.068255424499512,-0.06699971109628677,0.07224494963884354
135,29,lift_blue_block_slider,2,3.988635301589966,0.405470073223114,0.7504194378852844
136,29,turn_off_lightbulb,2,3.595397472381592,0.5224078297615051,0.7857224345207214
137,29,lift_red_block_table,2,4.228980541229248,0.44935423135757446,0.7447990775108337
138,29,turn_on_lightbulb,2,2.9669301509857178,0.3686310052871704,0.5495592355728149
0,3,turn_off_lightbulb,4,3.5335495471954346,0.5220666527748108,0.8084986209869385
1,3,lift_red_block_table,4,3.9745750427246094,0.1269775778055191,0.4446677565574646
2,3,lift_blue_block_slider,4,4.296760559082031,0.40680408477783203,0.7452743053436279
3,3,push_pink_block_right,4,5.724740505218506,0.23660890758037567,0.6250627636909485
4,3,turn_on_lightbulb,4,7.5287299156188965,0.23354335129261017,0.7188853621482849
5,3,lift_red_block_table,4,4.851327896118164,0.2808370292186737,0.7085820436477661
6,3,turn_on_lightbulb,4,4.021000385284424,0.32351237535476685,0.7734515070915222
7,3,lift_red_block_table,4,4.360657691955566,0.15330441296100616,0.5000012516975403
8,3,place_in_slider,4,3.8094284534454346,0.53477942943573,0.8236518502235413
9,3,turn_on_lightbulb,4,4.511115550994873,0.49426135420799255,0.9444574117660522
10,3,lift_red_block_table,4,4.530976295471191,0.30146878957748413,0.7713840007781982
11,3,place_in_slider,4,3.5054752826690674,0.5682355165481567,0.7988594174385071
12,3,turn_on_lightbulb,4,4.430495738983154,0.42249971628189087,0.8113924264907837
13,3,turn_off_lightbulb,4,4.0191826820373535,0.5172899961471558,0.785911500453949
14,3,lift_blue_block_slider,4,5.2122368812561035,0.3659619987010956,0.7251067161560059
15,3,lift_red_block_table,4,5.022512435913086,0.031204592436552048,0.1622728854417801
16,3,turn_off_lightbulb,4,5.4574432373046875,0.4694821834564209,0.8043735027313232
17,3,turn_on_lightbulb,4,2.8783247470855713,0.1876707822084427,0.40573012828826904
18,3,lift_red_block_table,4,4.714816570281982,0.038857605308294296,0.2020360380411148
19,3,turn_off_lightbulb,4,4.498811721801758,0.40875712037086487,0.5856634974479675
20,3,place_in_slider,4,3.9565765857696533,0.46139389276504517,0.7448177933692932
21,3,turn_on_lightbulb,4,5.388446807861328,0.44257432222366333,0.892790675163269
22,3,turn_off_lightbulb,4,4.067629814147949,0.35115450620651245,0.6760761737823486
23,3,turn_on_lightbulb,4,4.0602126121521,0.3468541204929352,0.7014515995979309
24,3,turn_off_lightbulb,4,4.668313503265381,0.41127485036849976,0.7661550641059875
25,3,lift_blue_block_slider,4,5.711239814758301,0.35335105657577515,0.6787310838699341
26,3,turn_on_lightbulb,4,3.471411943435669,0.2920258641242981,0.6702678203582764
27,3,place_in_slider,4,3.7243523597717285,0.5469411611557007,0.8155020475387573
28,3,turn_off_lightbulb,4,4.614678859710693,0.48331794142723083,0.8043181896209717
29,3,turn_on_lightbulb,4,4.3355302810668945,0.3583599030971527,0.8709808588027954
30,3,place_in_slider,4,4.488783836364746,0.3890894055366516,0.5726432204246521
31,3,turn_off_lightbulb,4,6.558995723724365,0.03331257030367851,0.2765073776245117
32,3,place_in_slider,4,3.8989386558532715,0.6195855140686035,0.877434492111206
33,3,push_pink_block_right,4,5.298426628112793,0.30860111117362976,0.6830523014068604
34,3,place_in_slider,4,4.202823162078857,0.44491028785705566,0.7167492508888245
35,10,place_in_slider,4,3.4785008430480957,0.5720382332801819,0.8447871208190918
36,10,turn_off_lightbulb,4,3.9125514030456543,0.5247117280960083,0.8387649059295654
37,10,lift_blue_block_slider,4,5.204770088195801,0.24111656844615936,0.6326363682746887
38,10,place_in_slider,4,3.6211555004119873,0.5704885125160217,0.9134722352027893
39,10,lift_red_block_table,4,5.681212425231934,0.20312535762786865,0.6184423565864563
40,10,push_pink_block_right,4,4.098728656768799,0.2748153805732727,0.7425228357315063
41,10,lift_red_block_table,4,4.3352742195129395,0.17235490679740906,0.5623214244842529
42,10,place_in_slider,4,3.6480000019073486,0.58261638879776,0.9075307846069336
43,10,turn_off_lightbulb,4,3.7095608711242676,0.5047639012336731,0.7417498230934143
44,10,push_pink_block_right,4,4.2984795570373535,0.2237260639667511,0.6811255216598511
45,10,turn_off_lightbulb,4,4.091378211975098,0.3175332248210907,0.6463189125061035
46,10,turn_on_lightbulb,4,6.786690711975098,0.10331732034683228,0.23674353957176208
47,10,lift_red_block_table,4,4.986090660095215,0.046768058091402054,0.33822453022003174
48,10,turn_off_lightbulb,4,7.134694576263428,0.2605285346508026,0.6404820084571838
49,10,turn_on_lightbulb,4,2.9954941272735596,0.22054839134216309,0.4029311239719391
50,10,push_pink_block_right,4,4.332320213317871,0.3113119602203369,0.6756066083908081
51,10,turn_on_lightbulb,4,2.9750161170959473,0.06430657207965851,0.09367074072360992
52,10,lift_blue_block_slider,4,3.4847843647003174,0.38871240615844727,0.7638963460922241
53,10,turn_off_lightbulb,4,6.375470161437988,0.3777800500392914,0.6739571690559387
54,10,turn_on_lightbulb,4,3.0995185375213623,0.3736041784286499,0.8177294731140137
55,10,turn_off_lightbulb,4,3.4002578258514404,-0.1343841701745987,-0.23449188470840454
56,10,place_in_slider,4,3.7885241508483887,0.5510503649711609,0.8504530191421509
57,10,lift_red_block_table,4,4.786089897155762,0.13954713940620422,0.5686431527137756
58,10,place_in_slider,4,3.829663038253784,0.6076623201370239,0.877940833568573
59,10,lift_red_block_table,4,4.57366418838501,0.3341589868068695,0.7381740212440491
60,10,turn_on_lightbulb,4,4.339343547821045,0.2732618451118469,0.7750243544578552
61,10,place_in_slider,4,4.163318634033203,0.5740650296211243,0.8596033453941345
62,20,turn_off_lightbulb,4,3.9723639488220215,0.5228334665298462,0.7962655425071716
63,20,push_pink_block_right,4,5.68890905380249,0.09288419783115387,0.22113345563411713
64,20,lift_red_block_table,4,4.636343479156494,0.2730644941329956,0.6038145422935486
65,20,turn_on_lightbulb,4,4.933037757873535,0.23003196716308594,0.7391719222068787
66,20,turn_off_lightbulb,4,5.535839080810547,0.25618448853492737,0.45960453152656555
67,20,lift_red_block_table,4,4.282834053039551,0.0696880966424942,0.011051546782255173
68,20,place_in_slider,4,3.9125781059265137,0.5353195071220398,0.8289670944213867
69,20,push_pink_block_right,4,4.472760200500488,0.22800478339195251,0.6348696351051331
70,20,turn_off_lightbulb,4,3.5829849243164062,0.5641071200370789,0.844728410243988
71,20,push_pink_block_right,4,5.138917446136475,0.22482314705848694,0.6348963975906372
72,20,place_in_slider,4,3.7778446674346924,0.3902275264263153,0.6621086597442627
73,21,lift_blue_block_slider,4,4.639946460723877,0.4877769351005554,0.816914439201355
74,21,lift_red_block_table,4,4.034428596496582,0.2762013077735901,0.837804913520813
75,21,place_in_slider,4,3.3883328437805176,0.6699090600013733,0.9338782429695129
76,21,turn_on_lightbulb,4,2.7417283058166504,0.254273921251297,0.5695313215255737
77,21,turn_off_lightbulb,4,4.054813385009766,0.5381969809532166,0.8542713522911072
78,21,turn_on_lightbulb,4,3.9268085956573486,0.2023170441389084,0.7181029319763184
79,21,push_pink_block_right,4,5.353358745574951,0.3702804446220398,0.7830663919448853
80,21,place_in_slider,4,3.0548622608184814,0.5972025990486145,0.8461160659790039
81,21,turn_on_lightbulb,4,3.6667213439941406,0.005269368179142475,0.01679329015314579
82,21,lift_blue_block_slider,4,4.311428546905518,0.2640012800693512,0.4674397110939026
83,21,turn_off_lightbulb,4,4.508633613586426,0.46867847442626953,0.8141236305236816
84,21,push_pink_block_right,4,5.4371771812438965,0.26057347655296326,0.8706293702125549
85,21,turn_off_lightbulb,4,4.094329833984375,0.36372798681259155,0.7191308736801147
86,21,push_pink_block_right,4,5.278273582458496,0.12969247996807098,0.37505531311035156
87,21,place_in_slider,4,4.4325056076049805,0.2842606008052826,0.44312065839767456
88,21,lift_red_block_table,4,4.300070762634277,0.27260565757751465,0.8073428273200989
89,21,place_in_slider,4,3.5121188163757324,0.5852423906326294,0.8905555605888367
90,21,turn_off_lightbulb,4,3.5814807415008545,0.5955728888511658,0.8671321272850037
91,21,place_in_slider,4,3.871875762939453,0.42995786666870117,0.6329180598258972
92,21,turn_on_lightbulb,4,4.619962692260742,0.39368873834609985,0.9017748236656189
93,21,lift_blue_block_slider,4,4.714603900909424,0.34731122851371765,0.6833708882331848
94,21,push_pink_block_right,4,5.045737266540527,0.21627521514892578,0.6593983769416809
95,21,turn_on_lightbulb,4,2.9295856952667236,0.2746141850948334,0.5715596675872803
96,21,lift_blue_block_slider,4,4.075942039489746,0.3392249047756195,0.6478402614593506
97,21,lift_red_block_table,4,4.645026206970215,0.23302364349365234,0.6951146125793457
98,21,place_in_slider,4,4.7974395751953125,0.43879589438438416,0.7244929075241089
99,21,turn_on_lightbulb,4,3.654850721359253,0.20889727771282196,0.5921438336372375
100,21,lift_red_block_table,4,4.251870155334473,0.35905492305755615,0.8189334273338318
101,21,lift_blue_block_slider,4,3.9176058769226074,0.2605576515197754,0.5155446529388428
102,21,place_in_slider,4,4.452220439910889,0.5275115966796875,0.8159617781639099
103,21,turn_on_lightbulb,4,4.584624767303467,0.3902141749858856,0.8960550427436829
104,21,place_in_slider,4,3.9395687580108643,0.588952898979187,0.8793063163757324
105,21,turn_off_lightbulb,4,4.746855735778809,0.4330926537513733,0.7563835382461548
106,21,place_in_slider,4,2.845829486846924,0.6210026741027832,0.8868980407714844
107,25,lift_blue_block_slider,4,5.122994422912598,0.4425157904624939,0.8135101795196533
108,25,place_in_slider,4,3.2790229320526123,0.4767967760562897,0.6722916960716248
109,25,turn_on_lightbulb,4,4.197613716125488,0.3465065360069275,0.8514323234558105
110,25,turn_off_lightbulb,4,3.84100604057312,0.4479256570339203,0.8166769742965698
111,25,lift_red_block_table,4,6.302628517150879,0.23892903327941895,0.7561271786689758
112,25,turn_on_lightbulb,4,3.2333426475524902,0.3328087329864502,0.71706223487854
113,25,lift_blue_block_slider,4,4.755268096923828,0.3150862157344818,0.6204083561897278
114,25,turn_off_lightbulb,4,3.541735887527466,0.5020760893821716,0.751929759979248
115,25,lift_blue_block_slider,4,4.926383018493652,0.4423246383666992,0.774341344833374
116,25,place_in_slider,4,3.5701377391815186,0.5806834697723389,0.8333859443664551
117,25,turn_on_lightbulb,4,4.271069049835205,0.28546494245529175,0.8260483741760254
118,25,turn_off_lightbulb,4,4.295169830322266,0.5849870443344116,0.8646499514579773
119,25,lift_red_block_table,4,4.3461503982543945,0.31150877475738525,0.7256247401237488
120,25,lift_blue_block_slider,4,4.021613121032715,0.4693380296230316,0.7709642052650452
121,25,turn_on_lightbulb,4,4.255890369415283,0.4090096354484558,0.9490576386451721
122,29,turn_off_lightbulb,4,4.136916637420654,0.564527153968811,0.8631477952003479
123,29,place_in_slider,4,3.6060378551483154,0.40005359053611755,0.6590343117713928
124,29,turn_on_lightbulb,4,2.9275927543640137,0.18219003081321716,0.471123069524765
125,29,lift_red_block_table,4,4.068875312805176,0.2675696313381195,0.7090845108032227
126,29,place_in_slider,4,3.2272133827209473,0.5774433016777039,0.8355891108512878
127,29,lift_blue_block_slider,4,3.535512924194336,0.33750274777412415,0.6471790075302124
128,29,place_in_slider,4,3.609973192214966,0.6594274044036865,0.9522575736045837
129,29,push_pink_block_right,4,3.291508913040161,0.26660647988319397,0.7063758969306946
130,29,place_in_slider,4,3.8796424865722656,0.5370588898658752,0.8358511328697205
131,29,lift_red_block_table,4,5.051883697509766,0.1966770589351654,0.5582113862037659
132,29,lift_blue_block_slider,4,4.364034175872803,0.3171348571777344,0.6448361277580261
133,29,turn_on_lightbulb,4,4.460686683654785,0.16001290082931519,0.38181182742118835
134,29,push_pink_block_right,4,6.068255424499512,0.1491030752658844,0.5185917615890503
135,29,lift_blue_block_slider,4,3.988635301589966,0.45966142416000366,0.8483771681785583
136,29,turn_off_lightbulb,4,3.595397472381592,0.5552419424057007,0.8094038367271423
137,29,lift_red_block_table,4,4.228980541229248,0.2701244056224823,0.6469045281410217
138,29,turn_on_lightbulb,4,2.9669301509857178,0.18961672484874725,0.44642120599746704
